filename,report_number,commodity,type,heading_sequence
M-100-2026 FFA (Exportadora Manga Trading S.A) Apple # PCIU6143729 & PCIU6101889.pdf,M-100-2026,APPLE,SURVEY,PARTICULARS → PARAGRAPH 1 → PARAGRAPH 2 → PARAGRAPH 2.1 → SURVEY PHOTOGRAPHS:
M-103-2025 Reliance Retail Apple Container No. EMCU5520487.pdf,M-103-2025,APPLE,SURVEY,PARTICULARS → PARAGRAPH 1 → PARAGRAPH 2 → NOTE: → PARAGRAPH 2.1 → THE CONDITION FOUND OF APPLE FRUITS: → SURVEY PHOTOGRAPHS:
M-108-2025 Reliance Retail - Apple Container No. EMCU5642459.pdf,M-108-2025,APPLE,SURVEY,PARTICULARS → PARAGRAPH 1 → PARAGRAPH 2 → NOTE: → PARAGRAPH 2.1 → THE CONDITION FOUND OF APPLE FRUITS: → SURVEY PHOTOGRAPHS:
M-108-2026 Sardar Ji Impex House (Sanjo Coopertiva Agricola De Sao) # 5 Apple Containers.pdf,M-108-2026,APPLE,SURVEY,PARTICULARS → PARAGRAPH 1 → PARAGRAPH 2 → SURVEY PHOTOGRAPHS:
M-109-2025 Reliance Retail - Apple Container No. CGMU6561254.pdf,M-109-2025,APPLE,SURVEY,PARTICULARS → PARAGRAPH 1 → PARAGRAPH 2 → NOTE: → PARAGRAPH 2.1 → THE CONDITION FOUND OF APPLE FRUITS: → SURVEY PHOTOGRAPHS:
M-109-2026 Sardar Ji Impex House (Sanjo Coopertiva Agricola De Sao) # 7 Apple Containers.pdf,M-109-2026,APPLE,SURVEY,PARTICULARS → PARAGRAPH 1 → PARAGRAPH 2 → SURVEY PHOTOGRAPHS:
M-11-2026 NGK Trading (GF Marketing Pty. Ltd) Apple Container No. MNBU4058880.pdf,M-11-2026,APPLE,SURVEY,PARTICULARS → PARAGRAPH 1 → PARAGRAPH 2 → Note: → PARAGRAPH 2.1 → SURVEY PHOTOGRAPHS
M-111-2025 Anusaya Granny Apple Container No. MNBU4487689.pdf,M-111-2025,APPLE,SURVEY,PARTICULARS → PARAGRAPH 1 → PARAGRAPH 2 → NOTE: → PARAGRAPH 2.1 → THE CONDITION FOUND OF APPLE FRUITS: → SURVEY PHOTOGRAPHS:
M-112-2026 Sardar Ji Impex House (Sanjo Coopertiva Agricola De Sao) # 3 Apple Containers.pdf,M-112-2026,APPLE,SURVEY,PARTICULARS → PARAGRAPH 1 → PARAGRAPH 2 → PARAGRAPH 2.1 → SURVEY PHOTOGRAPHS:
M-113-2025 Reliance Retail - Apple Container No. EMCU5378346.pdf,M-113-2025,APPLE,SURVEY,PARTICULARS → PARAGRAPH 1 → PARAGRAPH 2 → NOTE: → PARAGRAPH 2.1 → THE CONDITION FOUND OF APPLE FRUITS: → SURVEY PHOTOGRAPHS:
"M-116-2026 Reliance Retail (Vog Verband Der Suedtiroler, Italy) Apple # SEGU9019156.pdf",M-116-2026,APPLE,SURVEY,PARTICULARS → PARAGRAPH 1 → PARAGRAPH 2 → NOTE: → PARAGRAPH 2.1 → THE CONDITION FOUND OF APPLE FRUITS: → SURVEY PHOTOGRAPHS
M-117-2025 Vande Fresh Apple Container No. FSCU5929559.pdf,M-117-2025,APPLE,SURVEY,PARTICULARS → PARAGRAPH 1 → PARAGRAPH 2 → PARAGRAPH 2.1 → THE CONDITION FOUND OF APPLE FRUITS: → SURVEY PHOTOGRAPHS:
M-12-2026 NGK Trading (GF Marketing Pty. Ltd) Apple Container No. MNBU0293622.pdf,M-12-2026,APPLE,SURVEY,PARTICULARS → PARAGRAPH 1 → PARAGRAPH 2 → Note: → PARAGRAPH 2.1 → SURVEY PHOTOGRAPHS
M-124-2026 Avantgarde Fruit Traders LLP (GF Marketing Pty. Ltd) Apple # MNBU0294151 & MNBU3643540.pdf,M-124-2026,APPLE,SURVEY,PARTICULARS → PARAGRAPH 1 → PARAGRAPH 2 → PARAGRAPH 2.1 → SURVEY PHOTOGRAPHS
M-125-2026 Avantgarde Fruit Traders LLP (GF Marketing) Apple # SEKU9135720.pdf,M-125-2026,APPLE,SURVEY,PARTICULARS → PARAGRAPH 1 → PARAGRAPH 2 → PARAGRAPH 2.1 → SURVEY PHOTOGRAPHS
M-13-2026 NGK Trading (GF Marketing Pty. Ltd) Apple Container No. MNBU3928856.pdf,M-13-2026,APPLE,SURVEY,PARTICULARS → PARAGRAPH 1 → PARAGRAPH 2 → Note: → PARAGRAPH 2.1 → SURVEY PHOTOGRAPHS
M-14-2026 NGK Trading (GF Marketing Pty.Ltd) Apple Container No. MNBU3535437.pdf,M-14-2026,APPLE,SURVEY,PARTICULARS → PARAGRAPH 1 → PARAGRAPH 2 → PARAGRAPH 2.1 → SURVEY PHOTOGRAPHS
M-141-2025 Vande Fresh Apple Container No. TEMU9527343.pdf,M-141-2025,APPLE,SURVEY,PARTICULARS → PARAGRAPH 1 → PARAGRAPH 2 → PARAGRAPH 2.1 → SURVEY PHOTOGRAPHS:
M-142-2025 Vande Fresh Apple Container Nos. TGHU9900232 & CRLU1231263.pdf,M-142-2025,APPLE,SURVEY,PARTICULARS → PARAGRAPH 1 → PARAGRAPH 2 → PARAGRAPH 2.1 → SURVEY PHOTOGRAPHS # TGHU9900232:
M-143-2025 Vande Fresh Apple Container No. TRIU8041605.pdf,M-143-2025,APPLE,SURVEY,PARTICULARS → PARAGRAPH 1 → PARAGRAPH 2 → PARAGRAPH 2.1 → SURVEY PHOTOGRAPHS:
M-15-2026 Reliance Retail (VOG Societa Agricola Cooperativa) Apple Container No. CGMU5711787.pdf,M-15-2026,APPLE,SURVEY,PARTICULARS → PARAGRAPH 1 → PARAGRAPH 2 → NOTE: → PARAGRAPH 2.1 → THE CONDITION FOUND OF APPLE FRUITS: → SURVEY PHOTOGRAPHS:
M-151-2025 Reliance Apple Container No. EMCU5482915.pdf,M-151-2025,APPLE,SURVEY,PARTICULARS → PARAGRAPH 1 → PARAGRAPH 2 → NOTE: → PARAGRAPH 2.1 → THE CONDITION FOUND OF APPLE FRUITS: → SURVEY PHOTOGRAPHS:
M-17-2026 Reliance Retail (Kiwi Crunch Exports Ltd) Apple Container No. TEMU9884103 - Suri.pdf,M-17-2026,APPLE,SURVEY,PARTICULARS → PARAGRAPH 1 → PARAGRAPH 2 → NOTE: → PARAGRAPH 2.1 → THE CONDITION FOUND OF APPLE FRUITS: → SURVEY PHOTOGRAPHS:
M-170-2025 Reliance Apple Container No. EGSU5042216.pdf,M-170-2025,APPLE,SURVEY,PARTICULARS → PARAGRAPH 1 → PARAGRAPH 2 → NOTE: → PARAGRAPH 2.1 → THE CONDITION FOUND OF APPLE FRUITS: → SURVEY PHOTOGRAPHS:
M-18-2026 Reliance Retail (Kiwi Crunch Exports Ltd) Apple Container No. FBIU5726186 - Taloja.pdf,M-18-2026,APPLE,SURVEY,PARTICULARS → PARAGRAPH 1 → PARAGRAPH 2 → NOTE: → PARAGRAPH 2.1 → THE CONDITION FOUND OF APPLE FRUITS: → SURVEY PHOTOGRAPHS:
M-187-2025 RB Impex Apple Container No. SZLU9525986.pdf,M-187-2025,APPLE,SURVEY,PARTICULARS → PARAGRAPH 1 → PARAGRAPH 2 → NOTE: → PARAGRAPH 2.1 → THE CONDITION FOUND OF APPLE FRUITS: → SURVEY PHOTOGRAPHS:
M-188-2025 RB Impex Apple Container No. SEGU9060648.pdf,M-188-2025,APPLE,SURVEY,PARTICULARS → PARAGRAPH 1 → PARAGRAPH 2 → NOTE: → PARAGRAPH 2.1 → THE CONDITION FOUND OF APPLE FRUITS: → SURVEY PHOTOGRAPHS:
M-19-2026 NGK Trading (GF Marketing Pty. Ltd) Apple Container No. MEDU9174048.pdf,M-19-2026,APPLE,SURVEY,PARTICULARS → PARAGRAPH 1 → PARAGRAPH 2 → PARAGRAPH 2.1 → SURVEY PHOTOGRAPHS
M-191-2025 Reliance Retail Apple Container No. OERU4093947.pdf,M-191-2025,APPLE,SURVEY,PARTICULARS → PARAGRAPH 1 → PARAGRAPH 2 → NOTE: → PARAGRAPH 2.1 → THE CONDITION FOUND OF APPLE FRUITS: → SURVEY PHOTOGRAPHS:
M-197-2025 NGK Trading Apple Container No. TLLU1102723.pdf,M-197-2025,APPLE,SURVEY,PARTICULARS → PARAGRAPH 1 → PARAGRAPH 2 → Note: → PARAGRAPH 2.1 → SURVEY PHOTOGRAPHS:
M-2-2026 Reliance Retail Ltd (VOG SOC. Agricola Coop) Apple Container No. OERU4100964.pdf,M-2-2026,APPLE,SURVEY,PARTICULARS → PARAGRAPH 1 → PARAGRAPH 2 → NOTE: → PARAGRAPH 2.1 → THE CONDITION FOUND OF APPLE FRUITS: → SURVEY PHOTOGRAPHS:
M-20-2026 Vande Fresh (S.R.L. LLV-Fruct -Export) Apple Container No. TRKU1101166.pdf,M-20-2026,APPLE,SURVEY,PARTICULARS → PARAGRAPH 1 → PARAGRAPH 2 → NOTE: → PARAGRAPH 2.1 → THE CONDITION FOUND OF APPLE FRUITS: → SURVEY PHOTOGRAPHS:
M-22-2025 Reliance Retails Apple - Container No. FSCU5352929.pdf,M-22-2025,APPLE,SURVEY,PARTICULARS → PARAGRAPH 1 → PARAGRAPH 2 → NOTE: → PARAGRAPH 2.1 → THE CONDITION FOUND OF APPLE FRUITS: → SURVEY PHOTOGRAPHS:
M-22-2026 NGK Trading (GF Marketing Pty. Ltd) Apple Container No. MEDU9875536.pdf,M-22-2026,APPLE,SURVEY,PARTICULARS → PARAGRAPH 1 → PARAGRAPH 2 → PARAGRAPH 2.1 → SURVEY PHOTOGRAPHS
M-23-2026 NGK Trading (GF Marketing Pty. Ltd) Apple Container No. OTPU6447532.pdf,M-23-2026,APPLE,SURVEY,PARTICULARS → PARAGRAPH 1 → PARAGRAPH 2 → PARAGRAPH 2.1 → SURVEY PHOTOGRAPHS
M-236-2025 Reliance Retail Apple Container No. SZLU9896740.pdf,M-236-2025,APPLE,SURVEY,PARTICULARS → PARAGRAPH 1 → PARAGRAPH 2 → NOTE: → PARAGRAPH 2.1 → THE CONDITION FOUND OF APPLE FRUITS: → SURVEY PHOTOGRAPHS:
M-24-2026 NGK Trading (GF Marketing Pty. Ltd) Apple Container No. SEGU9991830.pdf,M-24-2026,APPLE,SURVEY,PARTICULARS → PARAGRAPH 1 → PARAGRAPH 2 → PARAGRAPH 2.1 → SURVEY PHOTOGRAPHS
M-241-2025 Natal International Apple Container No. HLBU6235270 (Bangalore).pdf,M-241-2025,APPLE,SURVEY,PARTICULARS → PARAGRAPH 1 → PARAGRAPH 2 → NOTE: → PARAGRAPH 2.1 → THE CONDITION FOUND OF APPLE FRUITS: → SURVEY PHOTOGRAPHS:
M-248-2025 Reliance Retail Ltd Apple Container No. SEKU9257760.pdf,M-248-2025,APPLE,SURVEY,PARTICULARS → PARAGRAPH 1 → PARAGRAPH 2 → NOTE: → PARAGRAPH 2.1 → THE CONDITION FOUND OF APPLE FRUITS: → SURVEY PHOTOGRAPHS:
M-249-2025 NGK Trading Apple Container No. EMCU5439924 .pdf,M-249-2025,APPLE,SURVEY,PARTICULARS → PARAGRAPH 1 → PARAGRAPH 2 → Note: → PARAGRAPH 2.1 → SURVEY PHOTOGRAPHS:
M-25-2026 NGK Trading (GF Marketing Pty. Ltd) Apple Container No. MSDU9841019.pdf,M-25-2026,APPLE,SURVEY,PARTICULARS → PARAGRAPH 1 → PARAGRAPH 2 → PARAGRAPH 2.1 → SURVEY PHOTOGRAPHS
M-250-2025 NGK Trading Apple Container No. EMCU5671009.pdf,M-250-2025,APPLE,SURVEY,PARTICULARS → PARAGRAPH 1 → PARAGRAPH 2 → PARAGRAPH 2.1 → SURVEY PHOTOGRAPHS:
M-252-2025 NGK Trading Apple Container No. EMCU5629586.pdf,M-252-2025,APPLE,SURVEY,PARTICULARS → PARAGRAPH 1 → PARAGRAPH 2 → Note: → PARAGRAPH 2.1 → SURVEY PHOTOGRAPHS:
M-254-2025 Royalasia Marketing Apple Container No. SILU7001054.pdf,M-254-2025,APPLE,SURVEY,PARTICULARS → PARAGRAPH 1 → PARAGRAPH 2 → NOTE: → PARAGRAPH 2.1 → THE CONDITION FOUND OF APPLE FRUITS: → SURVEY PHOTOGRAPHS:
M-255-2025 Reliance Retail Apple Container No. TEMU9239603.pdf,M-255-2025,APPLE,SURVEY,PARTICULARS → PARAGRAPH 1 → PARAGRAPH 2 → NOTE: → PARAGRAPH 2.1 → THE CONDITION FOUND OF APPLE FRUITS: → SURVEY PHOTOGRAPHS:
M-256-2025 Reliance Retail Apple Container No. CGMU9380347.pdf,M-256-2025,APPLE,SURVEY,PARTICULARS → PARAGRAPH 1 → PARAGRAPH 2 → NOTE: → PARAGRAPH 2.1 → THE CONDITION FOUND OF APPLE FRUITS: → SURVEY PHOTOGRAPHS:
M-258-2025 NGK Trading Apple Container No. EGSU5063501.pdf,M-258-2025,APPLE,SURVEY,PARTICULARS → PARAGRAPH 1 → PARAGRAPH 2 → Note: → PARAGRAPH 2.1 → SURVEY PHOTOGRAPHS:
M-262-2025 Reliance Retail Ltd Apple Container No. CGMU9331316.pdf,M-262-2025,APPLE,SURVEY,PARTICULARS → PARAGRAPH 1 → PARAGRAPH 2 → NOTE: → PARAGRAPH 2.1 → THE CONDITION FOUND OF APPLE FRUITS: → SURVEY PHOTOGRAPHS:
M-263-2025 Archana Enterprises Apple Container No. CXRU1582745.pdf,M-263-2025,APPLE,SURVEY,PARTICULARS → PARAGRAPH 1 → PARAGRAPH 2 → PARAGRAPH 2.1 → SURVEY PHOTOGRAPHS:
M-269-2025 Reliance Retail (Domex Superfresh) Apple Container No. EMCU5591731.pdf,M-269-2025,APPLE,SURVEY,PARTICULARS → PARAGRAPH 1 → PARAGRAPH 2 → NOTE: → PARAGRAPH 2.1 → THE CONDITION FOUND OF APPLE FRUITS: → SURVEY PHOTOGRAPHS:
M-27-2026 NGK Trading (GF Marketing Pty. Ltd) Apple Container No. SEGU9997438.pdf,M-27-2026,APPLE,SURVEY,PARTICULARS → PARAGRAPH 1 → PARAGRAPH 2 → PARAGRAPH 2.1 → SURVEY PHOTOGRAPHS
M-270-2025 NGK Trading Apple & Pear Container No. INBU3865207.pdf,M-270-2025,APPLE,SURVEY,PARTICULARS → PARAGRAPH 1 → PARAGRAPH 2 → Note: → PARAGRAPH 2.1 → SURVEY PHOTOGRAPHS
M-271-2025 NGK Trading Apple Container No. INBU4639267.pdf,M-271-2025,APPLE,SURVEY,PARTICULARS → PARAGRAPH 1 → PARAGRAPH 2 → PARAGRAPH 2.1 → SURVEY PHOTOGRAPHS
M-272-2025 NGK Trading Apple Container No. INBU9158916.pdf,M-272-2025,APPLE,SURVEY,PARTICULARS → PARAGRAPH 1 → PARAGRAPH 2 → Note: → PARAGRAPH 2.1 → SURVEY PHOTOGRAPHS
M-273-2025 NGK Trading Apple Container No. MNBU0211326.pdf,M-273-2025,APPLE,SURVEY,PARTICULARS → PARAGRAPH 1 → PARAGRAPH 2 → PARAGRAPH 2.1 → SURVEY PHOTOGRAPHS
M-274-2025 NGK Trading Apple Container No. CGMU9335266.pdf,M-274-2025,APPLE,SURVEY,PARTICULARS → PARAGRAPH 1 → PARAGRAPH 2 → Note: → PARAGRAPH 2.1 → SURVEY PHOTOGRAPHS
M-275-2025 NGK Trading Apple Contaier No. MNBU4669934.pdf,M-275-2025,APPLE,SURVEY,PARTICULARS → PARAGRAPH 1 → PARAGRAPH 2 → Note: → PARAGRAPH 2.1 → SURVEY PHOTOGRAPHS
M-28-2025 Gajumal Mulchand - Apple Container No. CGMU6914921 - Revised.pdf,M-28-2025,APPLE,SURVEY,PARTICULARS → PARAGRAPH 1 → PARAGRAPH 2 → PARAGRAPH 2.1 → SURVEY PHOTOGRAPHS:
M-28-2026 NGK Trading (TYT Export S.A) Apple Container No. SEKU9078322.pdf,M-28-2026,APPLE,SURVEY,PARTICULARS → PARAGRAPH 1 → PARAGRAPH 2 → PARAGRAPH 2.1 → SURVEY PHOTOGRAPHS
M-29-2026 NGK Trading (TYT Export S.A) Apple Container No. SEKU9111462.pdf,M-29-2026,APPLE,SURVEY,PARTICULARS → PARAGRAPH 1 → PARAGRAPH 2 → PARAGRAPH 2.1 → SURVEY PHOTOGRAPHS
M-31-2026 Reliance Retail (Fruitways Marketing Pty. Ltd) Apple Container No. MNBU4391735.pdf,M-31-2026,APPLE,SURVEY,PARTICULARS → PARAGRAPH 1 → PARAGRAPH 2 → NOTE: → PARAGRAPH 2.1 → THE CONDITION FOUND OF APPLE FRUITS: → SURVEY PHOTOGRAPHS:
M-35-2026 Reliance Retail (SOC. Agr. Coop. Lagnasco Group) Apple Container No. TLLU1107113.pdf,M-35-2026,APPLE,SURVEY,PARTICULARS → PARAGRAPH 1 → PARAGRAPH 2 → PARAGRAPH 2.1 → SURVEY FINDINGS IN GRAPH → SURVEY PHOTOGRAPHS:
M-36-2026 NGK Trading (Apot Societa Cooperativa Agricola) Apple Container No. TEMU9685328.pdf,M-36-2026,APPLE,SURVEY,PARTICULARS → PARAGRAPH 1 → PARAGRAPH 2 → Note: → PARAGRAPH 2.1 → SURVEY PHOTOGRAPHS
M-37-2026 NGK Trading (Apot Societa Cooperativa Agricola) Apple Container No. HMMU5443871.pdf,M-37-2026,APPLE,SURVEY,PARTICULARS → PARAGRAPH 1 → PARAGRAPH 2 → Note: → PARAGRAPH 2.1 → SURVEY PHOTOGRAPHS
M-38-2025 Reliance Retails Apple - Container No. MNBU4113009.pdf,M-38-2025,APPLE,SURVEY,PARTICULARS → PARAGRAPH 1 → PARAGRAPH 2 → NOTE: → PARAGRAPH 2.1 → THE CONDITION FOUND OF APPLE FRUITS: → SURVEY PHOTOGRAPHS:
M-38-2026 Anusaya Fresh (Agropecuaria Schio Ltda) Apple Container No. TRIU8896998 (Kolkatta).pdf,M-38-2026,APPLE,SURVEY,PARTICULARS → PARAGRAPH 1 → PARAGRAPH 2 → NOTE: → PARAGRAPH 2.1 → SURVEY PHOTOGRAPHS:
M-39-2025 NGK Trading - Apple Container No. EMCU5685888.pdf,M-39-2025,APPLE,SURVEY,PARTICULARS → PARAGRAPH 1 → PARAGRAPH 2 → NOTE: → PARAGRAPH 2.1 → SURVEY PHOTOGRAPHS:
M-39-2026 Reliance Retails (VOG SOC. Agricola Coop) Apple Container No. CGMU5503607.pdf,M-39-2026,APPLE,SURVEY,PARTICULARS → PARAGRAPH 1 → PARAGRAPH 2 → NOTE: → PARAGRAPH 2.1 → THE CONDITION FOUND OF APPLE FRUITS: → SURVEY PHOTOGRAPHS:
M-40-2026 Archana Enterprise (Southern Fruit Trading (Pty) Ltd) Apple Container No SZLU9282295.pdf,M-40-2026,APPLE,SURVEY,PARTICULARS → PARAGRAPH 1 → PARAGRAPH 2 → PARAGRAPH 2.1 → THE CONDITION FOUND OF APPLE FRUITS: → SURVEY PHOTOGRAPHS:
M-41-2025 Reliance Retails Ltd - Apple Container No. EMCU5638443 - 1st Addendum Report.pdf,M-41-2025,APPLE,SURVEY,PARTICULARS → SURVEY PHOTOGRAPHS:
M-41-2025 Reliance Retails Ltd - Apple Container No. EMCU5638443.pdf,M-41-2025,APPLE,SURVEY,PARTICULARS → PARAGRAPH 1 → PARAGRAPH 2 → NOTE: → PARAGRAPH 2.1 → THE CONDITION FOUND OF APPLE FRUITS: → SURVEY PHOTOGRAPHS:
M-43-2026 Reliance Retail Ltd (Core fruit (PTY) Ltd) Apple & Pear Container No. HLBU9066390.pdf,M-43-2026,APPLE,SURVEY,PARTICULARS → PARAGRAPH 1 → PARAGRAPH 2 → PARAGRAPH 2.1 → THE CONDITION FOUND OF PEAR AND APPLE FRUITS: → SURVEY PHOTOGRAPHS:
M-44-2025 NGK Trading - Apple Container No. FSCU5316900.pdf,M-44-2025,APPLE,SURVEY,PARTICULARS → PARAGRAPH 1 → PARAGRAPH 2 → NOTE: → PARAGRAPH 2.1 → SURVEY PHOTOGRAPHS:
M-45-2026 Hari Agro Products (Nargo Industries USA Inc) Apple Container No. ONEU9019596.pdf,M-45-2026,APPLE,SURVEY,PARTICULARS → PARAGRAPH 1 → PARAGRAPH 2 → PARAGRAPH 2.1 → THE CONDITION FOUND OF APPLE FRUITS: → SURVEY PHOTOGRAPHS:
M-47-2026 ASRA Enterprises (Fruit Family SP. Z O.O.) Apple Container Nos. HLBU9822040 & UAEU1265930.pdf,M-47-2026,APPLE,SURVEY,PARTICULARS → PARAGRAPH 1 → PARAGRAPH 2 → PARAGRAPH 2.1
M-48-2026 NGK Trading (GF Marketing Pty. Ltd) Apple Container Nos. MNBU3003250 & MNBU3890344.pdf,M-48-2026,APPLE,SURVEY,PARTICULARS → PARAGRAPH 1 → PARAGRAPH 2 → PARAGRAPH 2.1 → SURVEY PHOTOGRAPHS # MNBU3003250
M-49-2025 NGK Trading - Granny Apple Container No. EMCU5682488.pdf,M-49-2025,APPLE,SURVEY,PARTICULARS → PARAGRAPH 1 → PARAGRAPH 2 → PARAGRAPH 2.1 → SURVEY PHOTOGRAPHS:
M-53-2025 Reliance Retails Ltd - Apple Container No. MSDU9881900.pdf,M-53-2025,APPLE,SURVEY,PARTICULARS → PARAGRAPH 1 → PARAGRAPH 2 → NOTE: → PARAGRAPH 2.1 → THE CONDITION FOUND OF APPLE FRUITS: → SURVEY PHOTOGRAPHS:
M-54-2025 NGK Trading - Apple Container No. CRXU1633816.pdf,M-54-2025,APPLE,SURVEY,PARTICULARS → PARAGRAPH 1 → PARAGRAPH 2 → PARAGRAPH 2.1 → SURVEY PHOTOGRAPHS:
M-55-2025 NGK Trading - Apple Container No. FBIU5467300.pdf,M-55-2025,APPLE,SURVEY,PARTICULARS → PARAGRAPH 1 → PARAGRAPH 2 → NOTE: → PARAGRAPH 2.1 → SURVEY PHOTOGRAPHS:
M-55-2026 Reliance Retail Ltd (Exportadora San Clemente S.A) Apple Container No. HLBU94453.pdf,M-55-2026,APPLE,SURVEY,PARTICULARS → PARAGRAPH 1 → PARAGRAPH 2 → NOTE: → PARAGRAPH 2.1 → THE CONDITION FOUND OF APPLE FRUITS: → SURVEY PHOTOGRAPHS
M-56-2025 Gajumal Mulchand - Apple Container No. FBIU5409807.pdf,M-56-2025,APPLE,SURVEY,PARTICULARS → PARAGRAPH 1 → PARAGRAPH 2.1 → SURVEY PHOTOGRAPHS:
M-57-2025 Reliance Retail Ltd - Apple Container No. FBIU5147179.pdf,M-57-2025,APPLE,SURVEY,PARTICULARS → PARAGRAPH 1 → PARAGRAPH 2 → NOTE: → PARAGRAPH 2.1 → THE CONDITION FOUND OF APPLE FRUITS: → SURVEY PHOTOGRAPHS:
M-57-2026 Reliance Retails Ltd (Fruitways Marketing (PTY) Ltd) Apple Container No. MNBU4637860.pdf,M-57-2026,APPLE,SURVEY,PARTICULARS → PARAGRAPH 1 → PARAGRAPH 2 → NOTE: → PARAGRAPH 2.1 → THE CONDITION FOUND OF APPLE FRUITS: → SURVEY PHOTOGRAPHS:
M-58-2026 Fresh Fruit Alliances Apple # FBIU5195670 & TTNU8739314.pdf,M-58-2026,APPLE,SURVEY,PARTICULARS → PARAGRAPH 1 → PARAGRAPH 2 → PARAGRAPH 2.1 → THE CONDITION FOUND OF APPLE FRUITS: → SURVEY PHOTOGRAPHS:
M-59-2026 Fresh Fruit Alliances Apple # CXRU1264528 & CXRU1132619.pdf,M-59-2026,APPLE,SURVEY,PARTICULARS → PARAGRAPH 1 → PARAGRAPH 2 → PARAGRAPH 2.1 → THE CONDITION FOUND OF APPLE FRUITS: → SURVEY PHOTOGRAPHS:
M-60-2026 NGK Trading (TYT Export S.A.) Apple Container No. SEKU9109660.pdf,M-60-2026,APPLE,SURVEY,PARTICULARS → PARAGRAPH 1 → PARAGRAPH 2 → Note: → PARAGRAPH 2.1 → SURVEY PHOTOGRAPHS
M-61-2025 Reliance Retail Ltd - Apple Container No. UACU4766060.pdf,M-61-2025,APPLE,SURVEY,PARTICULARS → PARAGRAPH 1 → PARAGRAPH 2 → NOTE: → PARAGRAPH 2.1 → THE CONDITION FOUND OF APPLE FRUITS: → SURVEY PHOTOGRAPHS:
M-61-2026 Archana Enterprises (Snazzy Fruit Company Ltd) Apple # GESU9549296.pdf,M-61-2026,APPLE,SURVEY,PARTICULARS → PARAGRAPH 1 → PARAGRAPH 2 → PARAGRAPH 2.1 → THE CONDITION FOUND OF APPLE FRUITS: → SURVEY PHOTOGRAPHS:
M-62-2026 Reliance Retail Ltd (Core Fruit Pty.Ltd) Apple Container No. CAAU4049163.pdf,M-62-2026,APPLE,SURVEY,PARTICULARS → PARAGRAPH 1 → PARAGRAPH 2 → NOTE: → PARAGRAPH 2.1 → THE CONDITION FOUND OF APPLE FRUITS: → SURVEY PHOTOGRAPHS
M-64-2025 Fresh Fruit Alliances - Apple Container No. SEGU9441670.pdf,M-64-2025,APPLE,SURVEY,PARTICULARS → PARAGRAPH 1 → PARAGRAPH 2 → NOTE: → PARAGRAPH 2.1 → THE CONDITION FOUND OF APPLE FRUITS: → SURVEY PHOTOGRAPHS:
M-64-2026 NGK Trading (Exportadora Rio Miapo SPA) Apple Container No. ONE9129823.pdf,M-64-2026,APPLE,SURVEY,PARTICULARS → PARAGRAPH 1 → PARAGRAPH 2 → Note: → PARAGRAPH 2.1 → SURVEY PHOTOGRAPHS
M-65-2025 Fresh Fruit Alliances - Apple Container Nos. TEMU9470206 & TCLU1102957.pdf,M-65-2025,APPLE,SURVEY,PARTICULARS → PARAGRAPH 1 → PARAGRAPH 2 → NOTE: → PARAGRAPH 2.1 → THE CONDITION FOUND OF APPLE FRUITS: → SURVEY PHOTOGRAPHS:
M-65-2026 NGK Trading (Exportadora Rio Miapo SPA) Apple Container No. ONE9148628.pdf,M-65-2026,APPLE,SURVEY,PARTICULARS → PARAGRAPH 1 → PARAGRAPH 2 → Note: → PARAGRAPH 2.1 → SURVEY PHOTOGRAPHS
"M-67-2026 Reliance Retail Ltd (Vog Soc Agricola Coop, Italy) Apple Container No. CXRU1556556.pdf",M-67-2026,APPLE,SURVEY,PARTICULARS → PARAGRAPH 1 → PARAGRAPH 2 → NOTE: → PARAGRAPH 2.1 → THE CONDITION FOUND OF APPLE FRUITS: → SURVEY PHOTOGRAPHS
"M-69-2026 Reliance Retail Ltd (Vog Soc Agricola Coop, Italy) Apple Container No. FBIU5747506.pdf",M-69-2026,APPLE,SURVEY,PARTICULARS → PARAGRAPH 1 → PARAGRAPH 2 → NOTE: → PARAGRAPH 2.1 → THE CONDITION FOUND OF APPLE FRUITS: → SURVEY PHOTOGRAPHS
M-71-2025 Anusaya Fresh - Granny Apple Container No. MNBU3189289.pdf,M-71-2025,APPLE,SURVEY,PARTICULARS → PARAGRAPH 1 → PARAGRAPH 2 → NOTE: → PARAGRAPH 2.1 → THE CONDITION FOUND OF APPLE FRUITS: → SURVEY PHOTOGRAPHS:
M-72-2025 Anusaya Fresh - Granny Apple Container No. MNBU3589618.pdf,M-72-2025,APPLE,SURVEY,PARTICULARS → PARAGRAPH 1 → PARAGRAPH 2 → NOTE: → PARAGRAPH 2.1 → THE CONDITION FOUND OF APPLE FRUITS: → SURVEY PHOTOGRAPHS:
M-72-2026 Reliance Retail Ltd (Delta Agrar Serbia ) Apple Container No. CGMU5083063 Taloja.pdf,M-72-2026,APPLE,SURVEY,PARTICULARS → PARAGRAPH 1 → PARAGRAPH 2 → NOTE: → PARAGRAPH 2.1 → THE CONDITION FOUND OF APPLE FRUITS: → SURVEY PHOTOGRAPHS:
M-73-2025 Reliance Retail Ltd - Apple Container No. EMCU5555863.pdf,M-73-2025,APPLE,SURVEY,PARTICULARS → PARAGRAPH 1 → PARAGRAPH 2 → PARAGRAPH 2.1 → THE CONDITION FOUND OF APPLE FRUITS: → SURVEY PHOTOGRAPHS:
M-76-2026 Vande Fresh (Harvest SPA) Apple Container No. PCLU6145125.pdf,M-76-2026,APPLE,SURVEY,PARTICULARS → PARAGRAPH 1 → PARAGRAPH 2 → NOTE: → PARAGRAPH 2.1 → THE CONDITION FOUND OF APPLE FRUITS: → SURVEY PHOTOGRAPHS:
M-77-2026 Reliance Retail Ltd (Domex Superfresh Growers LLC) Apple # EMCU5663873 1st Addendum.pdf,M-77-2026,APPLE,SURVEY,PARTICULARS → SURVEY PHOTOGRAPHS:
M-77-2026 Reliance Retail Ltd (Domex Superfresh Growers LLC) Apple Container No. EMCU5663873.pdf,M-77-2026,APPLE,SURVEY,PARTICULARS → PARAGRAPH 1 → PARAGRAPH 2 → NOTE: → PARAGRAPH 2.1 → THE CONDITION FOUND OF APPLE FRUITS: → SURVEY PHOTOGRAPHS:
M-8-2026 Fresh Fruit Alliances (Dole Italia S.R.L) Apple Container No. HLBU6166483.pdf,M-8-2026,APPLE,SURVEY,PARTICULARS → PARAGRAPH 1 → PARAGRAPH 2 → PARAGRAPH 2.1 → SURVEY PHOTOGRAPHS:
M-8-2026 Fresh Fruit Alliances (Dole Italia S.R.L) Apple Container No. HLBU6166483_compressed.pdf,M-8-2026,APPLE,SURVEY,PARTICULARS → PARAGRAPH 1 → PARAGRAPH 2 → PARAGRAPH 2.1 → SURVEY PHOTOGRAPHS:
M-82-2025 NGK Trading - Apple Container No. MSDU9894240.pdf,M-82-2025,APPLE,SURVEY,PARTICULARS → PARAGRAPH 1 → PARAGRAPH 2 → PARAGRAPH 2.1 → SURVEY PHOTOGRAPHS:
M-83-2025 NGK Trading - Apple Container No. SZLU9317241.pdf,M-83-2025,APPLE,SURVEY,PARTICULARS → PARAGRAPH 1 → PARAGRAPH 2 → PARAGRAPH 2.1 → SURVEY PHOTOGRAPHS:
M-84-2025 NGK Trading - Apple Container No. SZLU9261116.pdf,M-84-2025,APPLE,SURVEY,PARTICULARS → PARAGRAPH 1 → PARAGRAPH 2 → PARAGRAPH 2.1 → SURVEY PHOTOGRAPHS:
M-84-2026 FFA (Exportadora Manga Trading S.A) Apple Container Nos. FBIU5554636 & OTPU6737969.pdf,M-84-2026,APPLE,SURVEY,PARTICULARS → PARAGRAPH 1 → PARAGRAPH 2 → PARAGRAPH 2.1 → SURVEY PHOTOGRAPHS:
M-86-2025 Reliance Retail - Apple Container No. OERU4209087 (Bangalore).pdf,M-86-2025,APPLE,SURVEY,PARTICULARS → PARAGRAPH 1 → PARAGRAPH 2 → NOTE: → PARAGRAPH 2.1 → THE CONDITION FOUND OF APPLE FRUITS: → SURVEY PHOTOGRAPHS:
M-87-2025 NGK Trading Apple Container No. MSDU9892654 (Revised).pdf,M-87-2025,APPLE,SURVEY,PARTICULARS → PARAGRAPH 1 → PARAGRAPH 2 → PARAGRAPH 2.1 → SURVEY PHOTOGRAPHS:
M-91-2025 NGK Trading Apple Container No. SZLU9248449.pdf,M-91-2025,APPLE,SURVEY,PARTICULARS → PARAGRAPH 1 → PARAGRAPH 2 → PARAGRAPH 2.1 → SURVEY PHOTOGRAPHS:
M-91-2026 Reliance Retail Ltd (Domex Superfresh Growers LLC) Apple # EGSU5081085.pdf,M-91-2026,APPLE,SURVEY,PARTICULARS → PARAGRAPH 1 → PARAGRAPH 2 → NOTE: → PARAGRAPH 2.1 → THE CONDITION FOUND OF APPLE FRUITS: → SURVEY PHOTOGRAPHS:
M-92-2026 Vande Fresh (Harvest SPA) Apple # SZLU9764949.pdf,M-92-2026,APPLE,SURVEY,PARTICULARS → PARAGRAPH 1 → PARAGRAPH 2 → Note: → PARAGRAPH 2.1 → THE CONDITION FOUND OF APPLE FRUITS: → SURVEY PHOTOGRAPHS:
M-93-2026 Kiaora Food (RD8 Fresh Produce) Apple # OERU4365958.pdf,M-93-2026,APPLE,SURVEY,PARTICULARS → PARAGRAPH 1 → PARAGRAPH 2 → NOTE: → PARAGRAPH 2.1 → THE CONDITION FOUND OF APPLE FRUITS: → SURVEY PHOTOGRAPHS:
M-96-2026 Anusaya Fresh (Fruitways Marketing Pty.Ltd) Apple # OTPU6044223.pdf,M-96-2026,APPLE,SURVEY,PARTICULARS → PARAGRAPH 1 → PARAGRAPH 2 → NOTE: → PARAGRAPH 2.1 → THE CONDITION FOUND OF APPLE FRUITS: → SURVEY PHOTOGRAPHS:
M-97-2026 Anusaya Fresh (Fruitways Marketing Pty.Ltd) Apple # FSCU5750115.pdf,M-97-2026,APPLE,SURVEY,PARTICULARS → PARAGRAPH 1 → PARAGRAPH 2 → NOTE: → PARAGRAPH 2.1 → THE CONDITION FOUND OF APPLE FRUITS: → SURVEY PHOTOGRAPHS:
"M-99-2026 Reliance Retail Ltd (Vog Verband Der Suedtiroler, Italy) Apple # CGMU5058693.pdf",M-99-2026,APPLE,SURVEY,PARTICULARS → PARAGRAPH 1 → PARAGRAPH 2 → NOTE: → PARAGRAPH 2.1 → THE CONDITION FOUND OF APPLE FRUITS: → SURVEY PHOTOGRAPHS
Third Party Inspection Report - Aayush Impex - Apple Container No. EMCU5709167.pdf,UNKNOWN,APPLE,SURVEY,PARTICULARS → PARAGRAPH 1 → PARAGRAPH 2 → NOTE: → PARAGRAPH 2.1 → THE CONDITION FOUND OF APPLE FRUITS:
Third Party Inspection Report - Aayush Impex - Apple Container No. EMCU5724372.pdf,UNKNOWN,APPLE,SURVEY,PARTICULARS → PARAGRAPH 1 → PARAGRAPH 2 → NOTE: → PARAGRAPH 2.1 → THE CONDITION FOUND OF APPLE FRUITS:
Third Party Inspection Report - Aayush Impex - Apple Container No. OOLU6479990.pdf,UNKNOWN,APPLE,SURVEY,PARTICULARS → PARAGRAPH 1 → PARAGRAPH 2 → PARAGRAPH 2.1 → THE CONDITION FOUND OF APPLE FRUITS:
"M-199-2025 Sunmoon International Apricot, Nectarine & Peaches Air Shipment.pdf",M-199-2025,APRICOT,SURVEY,"PARTICULARS → PARAGRAPH 1 → PARAGRAPH 2 → PARAGRAPH 2.1 → SURVEY FINDINGS (NECTARAINE, PEACH AND"
"MCAPL-006-24B Healthstream Wellness - cherries, Peaches & Apricot.pdf",MCAPL-006-24B,APRICOT,SURVEY,PARTICULARS → CONDITION FOUND OF PEACH FRUITS: → CONDITION FOUND OF APRICOT FRUITS:
MCAPL-44-24B Helloraw Agro LLP (Nectarines & Apricots) - Air Shipment.pdf,MCAPL-44-24B,APRICOT,SURVEY,PARTICULARS → PARAGRAPH 1 → PARAGRAPH 2 → PARAGRAPH 2.1 → CONDITION FOUND OF APRICOT FRUITS:
M-127-2025 Anusaya Fresh - Avocado Container No. MCAU6045964.pdf,M-127-2025,AVOCADO,SURVEY,PARTICULARS → PARAGRAPH 1 → PARAGRAPH 2 → PARAGRAPH 2.1 → The condition found of Avocado fruits. → SURVEY PHOTOGRAPHS:
M-131-2025 Fresh Fruit Alliances Avocado Container No. CGMU6942688.pdf,M-131-2025,AVOCADO,SURVEY,PARTICULARS → PARAGRAPH 1 → PARAGRAPH 2 → PARAGRAPH 2.1 → The condition found of Avocado fruits. → SURVEY PHOTOGRAPHS:
M-133-2025 Fresh Fruit Alliances Avocado Container No. CGMU6911120.pdf,M-133-2025,AVOCADO,SURVEY,PARTICULARS → PARAGRAPH 1 → PARAGRAPH 2 → PARAGRAPH 2.1 → The condition found of Avocado fruits. → SURVEY PHOTOGRAPHS:
M-160-2025 Fresh Fruit Alliances Avocado Container No. CGMU6910192.pdf,M-160-2025,AVOCADO,SURVEY,PARTICULARS → PARAGRAPH 1 → PARAGRAPH 2 → PARAGRAPH 2.1 → The condition found of Avocado fruits. → SURVEY PHOTOGRAPHS:
M-202-2025 Avolinx Trading Partners Avocado Container No. CGMU7015068.pdf,M-202-2025,AVOCADO,SURVEY,PARTICULARS → PARAGRAPH 1 → PARAGRAPH 2 → PARAGRAPH 2.1 → SURVEY PHOTOGRAPHS:
M-260-2025 Fresh Fruit Alliances Avocado Container No. CGMU6946430.pdf,M-260-2025,AVOCADO,SURVEY,PARTICULARS → PARAGRAPH 1 → PARAGRAPH 2 → PARAGRAPH 2.1 → The condition found of Avocado fruits. → SURVEY PHOTOGRAPHS:
M-266-2025 Anusaya Fresh Avocado Container No. CGMU6937341.pdf,M-266-2025,AVOCADO,SURVEY,PARTICULARS → PARAGRAPH 1 → PARAGRAPH 2 → PARAGRAPH 2.1 → SURVEY PHOTOGRAPHS:
M-68-2025 Fresh Fruit Alliances - Avocado Container No. CGMU6933937.pdf,M-68-2025,AVOCADO,SURVEY,PARTICULARS → PARAGRAPH 1 → PARAGRAPH 2 → PARAGRAPH 2.1 → Conclusion: → SURVEY PHOTOGRAPHS:
M-69-2025 Anusaya Fresh - Avocado Container No. MCAU6009355.pdf,M-69-2025,AVOCADO,SURVEY,PARTICULARS → PARAGRAPH 1 → PARAGRAPH 2 → PARAGRAPH 2.1 → The condition found of Avocado fruits. → SURVEY PHOTOGRAPHS:
M-77-24B West-In Avo Private Limited - Avocado Container No. BMOU9847699.pdf,M-77-24B,AVOCADO,SURVEY,PARTICULARS → PARAGRAPH 1 → PARAGRAPH 2 → NOTE: → PARAGRAPH 2.1 → SURVEY PHOTOGRAPHS:
M-103-24B Mauli International (Air Shipment - Blueberry).pdf,M-103-24B,BLUEBERRY,SURVEY,PARTICULARS → PARAGRAPH 1 → PARAGRAPH 2 → PARAGRAPH 2.1 → CONDITION FOUND OF BLUEBERRY FRUITS: → SURVEY PHOTOGRAPHS:
M-105-24B Mauli International (Air Shipment - Blueberry).pdf,M-105-24B,BLUEBERRY,SURVEY,PARTICULARS → PARAGRAPH 1 → PARAGRAPH 2 → PARAGRAPH 2.1 → CONDITION FOUND OF BLUEBERRY FRUITS: → SURVEY PHOTOGRAPHS:
M-11-2025 Anusaya Fresh - Blueberry Airshipment.pdf,M-11-2025,BLUEBERRY,SURVEY,PARTICULARS → PARAGRAPH 1 → PARAGRAPH 2 → PARAGRAPH 2.1 → CONDITION FOUND OF BLUEBERRY FRUITS: → SURVEY PHOTOGRAPHS:
M-115-2025 Mauli International - Blueberry Air Shipment # 312-90565241.pdf,M-115-2025,BLUEBERRY,SURVEY,PARTICULARS → PARAGRAPH 1 → PARAGRAPH 2 → PARAGRAPH 2.1 → CONDITION FOUND OF BLUEBERRY FRUITS: → SURVEY PHOTOGRAPHS:
M-12-2025 Anusaya Fresh - Blueberry Airshipment.pdf,M-12-2025,BLUEBERRY,SURVEY,PARTICULARS → PARAGRAPH 1 → PARAGRAPH 2 → PARAGRAPH 2.1 → CONDITION FOUND OF BLUEBERRY FRUITS: → SURVEY PHOTOGRAPHS:
M-123-2025 G.T Fruitech Pvt.Ltd - Blueberry Air Shipment # 805 1341 8370 - Second Visit.pdf,M-123-2025,BLUEBERRY,SURVEY,PARTICULARS → PARAGRAPH 1 → PARAGRAPH 2 → PARAGRAPH 2.1 → CONDITION FOUND OF BLUEBERRY FRUITS: → SURVEY FINDINGS IN GRAPH
M-123-2025 G.T Fruitech Pvt.Ltd - Blueberry Air Shipment # 805-1341 8370.pdf,M-123-2025,BLUEBERRY,SURVEY,PARTICULARS → PARAGRAPH 1 → PARAGRAPH 2 → PARAGRAPH 2.1 → CONDITION FOUND OF BLUEBERRY FRUITS: → SURVEY PHOTOGRAPHS:
M-125-24B Anusaya Fresh (Air Shipment - Blueberry).pdf,M-125-24B,BLUEBERRY,SURVEY,PARTICULARS → PARAGRAPH 1 → PARAGRAPH 2 → PARAGRAPH 2.1 → CONDITION FOUND OF BLUEBERRY FRUITS: → SURVEY PHOTOGRAPHS:
M-126-24B Anusaya Fresh (Air Shipment - Blueberry).pdf,M-126-24B,BLUEBERRY,SURVEY,PARTICULARS → PARAGRAPH 1 → PARAGRAPH 2 → PARAGRAPH 2.1 → CONDITION FOUND OF BLUEBERRY FRUITS: → SURVEY PHOTOGRAPHS:
M-131-2026 ST Sumal Agro (Allipa Farm Peru S.A.C.) Blueberry # 057-05562421.pdf,M-131-2026,BLUEBERRY,SURVEY,PARTICULARS → PARAGRAPH 1 → PARAGRAPH 2 → PARAGRAPH 2.1 → CONDITION FOUND OF BLUEBERRY FRUITS: → SURVEY FINDINGS IN GRAPH → SURVEY PHOTOGRAPHS:
M-137-2026 ST Sumal Agro (Allipa Farm Peru S.A.C.) Blueberry # 074-05778253.pdf,M-137-2026,BLUEBERRY,SURVEY,PARTICULARS → PARAGRAPH 1 → PARAGRAPH 2 → PARAGRAPH 2.1 → CONDITION FOUND OF BLUEBERRY FRUITS: → SURVEY FINDINGS IN GRAPH → SURVEY PHOTOGRAPHS:
M-14-2025 Anusaya Fresh - Blueberry Air-shipment.pdf,M-14-2025,BLUEBERRY,SURVEY,PARTICULARS → PARAGRAPH 1 → PARAGRAPH 2 → PARAGRAPH 2.1 → CONDITION FOUND OF BLUEBERRY FRUITS: → SURVEY PHOTOGRAPHS:
M-15-2025 Anusaya Fresh - Blueberry Air Shipment.pdf,M-15-2025,BLUEBERRY,SURVEY,PARTICULARS → PARAGRAPH 1 → PARAGRAPH 2 → PARAGRAPH 2.1 → CONDITION FOUND OF BLUEBERRY FRUITS: → SURVEY PHOTOGRAPHS:
M-16-2025 Anusaya Fresh - Blueberry Air Shipment.pdf,M-16-2025,BLUEBERRY,SURVEY,PARTICULARS → PARAGRAPH 1 → PARAGRAPH 2 → PARAGRAPH 2.1 → CONDITION FOUND OF BLUEBERRY FRUITS: → SURVEY PHOTOGRAPHS:
M-17-2025 Anusaya Fresh - Blueberry Air Shipment # 176-03710313.pdf,M-17-2025,BLUEBERRY,SURVEY,PARTICULARS → PARAGRAPH 1 → PARAGRAPH 2 → PARAGRAPH 2.1 → CONDITION FOUND OF BLUEBERRY FRUITS: → SURVEY PHOTOGRAPHS:
M-18-2025 Anusaya Fresh - Blueberry Air Shipment # 235-01063182.pdf,M-18-2025,BLUEBERRY,SURVEY,PARTICULARS → PARAGRAPH 1 → PARAGRAPH 2 → PARAGRAPH 2.1 → CONDITION FOUND OF BLUEBERRY FRUITS: → SURVEY PHOTOGRAPHS:
M-19-2025 Anusaya Fresh - Blueberry Air Shipment # 235-01071276.pdf,M-19-2025,BLUEBERRY,SURVEY,PARTICULARS → PARAGRAPH 1 → PARAGRAPH 2 → PARAGRAPH 2.1 → CONDITION FOUND OF BLUEBERRY FRUITS: → SURVEY PHOTOGRAPHS:
M-193-2025 Sunmoon International - Blueberry Air Shipment # 014-38705052.pdf,M-193-2025,BLUEBERRY,SURVEY,PARTICULARS → PARAGRAPH 1 → PARAGRAPH 2 → PARAGRAPH 2.1 → CONDITION FOUND OF BLUEBERRY FRUITS: → SURVEY FINDINGS IN GRAPH → SURVEY PHOTOGRAPHS:
M-206-2025 Anusaya Fresh Blueberry Airshipment (Delhi) = 2 Pallets (Second Visit).pdf,M-206-2025,BLUEBERRY,SURVEY,PARTICULARS → PARAGRAPH 1 → PARAGRAPH 2 → PARAGRAPH 2.1 → CONDITION FOUND OF BLUEBERRY FRUITS: → SURVEY FINDINGS IN GRAPH → SURVEY PHOTOGRAPHS:
M-206-2025 Sunmoon International Blueberry Airshipment (Delhi).pdf,M-206-2025,BLUEBERRY,SURVEY,PARTICULARS → PARAGRAPH 1 → PARAGRAPH 2 → PARAGRAPH 2.1 → CONDITION FOUND OF BLUEBERRY FRUITS: → SURVEY FINDINGS IN GRAPH → SURVEY PHOTOGRAPHS:
M-207-2025 Sunmoon Int. - Blueberry 17 Pallets Air Shipment (Second Visit).pdf,M-207-2025,BLUEBERRY,SURVEY,PARTICULARS → PARAGRAPH 1 → PARAGRAPH 2 → PARAGRAPH 2.1 → CONDITION FOUND OF BLUEBERRY FRUITS: → SURVEY FINDINGS IN GRAPH → SURVEY PHOTOGRAPHS:
M-207-2025 Sunmoon International - Blueberry Air Shipment # 057-02743075.pdf,M-207-2025,BLUEBERRY,SURVEY,PARTICULARS → PARAGRAPH 1 → PARAGRAPH 2 → PARAGRAPH 2.1 → CONDITION FOUND OF BLUEBERRY FRUITS: → SURVEY FINDINGS IN GRAPH → SURVEY PHOTOGRAPHS:
M-21-2025 Anusaya Fresh Blueberry Air Shipment # 157-03644351 (Mumbai).pdf,M-21-2025,BLUEBERRY,SURVEY,PARTICULARS → PARAGRAPH 1 → PARAGRAPH 2 → PARAGRAPH 2.1 → CONDITION FOUND OF BLUEBERRY FRUITS: → SURVEY PHOTOGRAPHS:
M-210-2025 Sunmoon International - Blueberry Air Shipment # 157-41961426.pdf,M-210-2025,BLUEBERRY,SURVEY,PARTICULARS → PARAGRAPH 1 → PARAGRAPH 2 → PARAGRAPH 2.1 → CONDITION FOUND OF BLUEBERRY FRUITS: → SURVEY FINDINGS IN GRAPH → SURVEY PHOTOGRAPHS:
M-211-2025 Sunmoon International - Blueberry Air Shipment # 157-41961393.pdf,M-211-2025,BLUEBERRY,SURVEY,PARTICULARS → PARAGRAPH 1 → PARAGRAPH 2 → PARAGRAPH 2.1 → CONDITION FOUND OF BLUEBERRY FRUITS: → SURVEY FINDINGS IN GRAPH → SURVEY PHOTOGRAPHS:
M-212-2025 Sunmoon International Blueberry Air Shipment # 014-38711783.pdf,M-212-2025,BLUEBERRY,SURVEY,PARTICULARS → PARAGRAPH 1 → PARAGRAPH 2 → PARAGRAPH 2.1 → CONDITION FOUND OF BLUEBERRY FRUITS: → SURVEY FINDINGS IN GRAPH → SURVEY PHOTOGRAPHS:
M-23-2025 Anusaya Fresh - Blueberry Air Shipment # 157-03643861.pdf,M-23-2025,BLUEBERRY,SURVEY,PARTICULARS → PARAGRAPH 1 → PARAGRAPH 2 → PARAGRAPH 2.1 → CONDITION FOUND OF BLUEBERRY FRUITS: → SURVEY PHOTOGRAPHS:
M-230-2025 Sunmoon International Blueberry Air Shipment # 23587825404.pdf,M-230-2025,BLUEBERRY,SURVEY,PARTICULARS → PARAGRAPH 1 → PARAGRAPH 2 → PARAGRAPH 2.1 → CONDITION FOUND OF BLUEBERRY FRUITS: → SURVEY FINDINGS IN GRAPH → SURVEY PHOTOGRAPHS:
M-233-2025 NGK Trading Blueberry Airshipment # 145-90962012.pdf,M-233-2025,BLUEBERRY,SURVEY,PARTICULARS → PARAGRAPH 1 → PARAGRAPH 2 → PARAGRAPH 2.1 → CONDITION FOUND OF BLUEBERRY FRUITS: → SURVEY FINDINGS IN GRAPH → SURVEY PHOTOGRAPHS:
M-234-2025 KDS International Blueberry Air Shipment # 80513574890.pdf,M-234-2025,BLUEBERRY,SURVEY,PARTICULARS → PARAGRAPH 1 → PARAGRAPH 2 → PARAGRAPH 2.1 → CONDITION FOUND OF BLUEBERRY FRUITS: → SURVEY FINDINGS IN GRAPH → SURVEY PHOTOGRAPHS:
M-24-2025 Anusaya Fresh - Blueberry 7 Pallets # 157-03644421.pdf,M-24-2025,BLUEBERRY,SURVEY,PARTICULARS → PARAGRAPH 1 → PARAGRAPH 2 → PARAGRAPH 2.1 → CONDITION FOUND OF BLUEBERRY FRUITS: → SURVEY PHOTOGRAPHS:
M-26-2025 Anusaya Fresh - Blueberry Air Shipment - 10 Pallets # 235-01063215.pdf,M-26-2025,BLUEBERRY,SURVEY,PARTICULARS → PARAGRAPH 1 → PARAGRAPH 2 → PARAGRAPH 2.1 → CONDITION FOUND OF BLUEBERRY FRUITS: → SURVEY PHOTOGRAPHS:
M-27-2025 Anusaya Fresh - Blueberry Air Shipment - 5 Pallets # 157-05267356.pdf,M-27-2025,BLUEBERRY,SURVEY,PARTICULARS → PARAGRAPH 1 → PARAGRAPH 2 → PARAGRAPH 2.1 → CONDITION FOUND OF BLUEBERRY FRUITS: → SURVEY PHOTOGRAPHS:
M-29-2025 Anusaya Fresh - Blueberry Air Shipment - 14 Pallets # 235-01063823.pdf,M-29-2025,BLUEBERRY,QC,PARTICULARS → PARAGRAPH 1 → PARAGRAPH 2 → CONDITION FOUND OF BLUEBERRY FRUITS: → SURVEY PHOTOGRAPHS:
M-30-2025 Anusaya Fresh - Blueberry Air Shipment - 20 Pallets # 157-05267570.pdf,M-30-2025,BLUEBERRY,QC,PARTICULARS → PARAGRAPH 1 → PARAGRAPH 2 → CONDITION FOUND OF BLUEBERRY FRUITS: → SURVEY PHOTOGRAPHS:
M-31-2025 Anusaya Fresh - Blueberry Air Shipment - 5 Pallets # 157-05368764.pdf,M-31-2025,BLUEBERRY,QC,PARTICULARS → PARAGRAPH 1 → PARAGRAPH 2 → CONDITION FOUND OF BLUEBERRY FRUITS: → SURVEY PHOTOGRAPHS:
M-32-2025 Anusaya Fresh - Blueberry Air Shipment - 5 Pallets # 157-03083080.pdf,M-32-2025,BLUEBERRY,QC,PARTICULARS → PARAGRAPH 1 → PARAGRAPH 2 → CONDITION FOUND OF BLUEBERRY FRUITS: → SURVEY PHOTOGRAPHS:
M-36-2025 Anusaya Fresh - Blueberry Air Shipment - 10 Pallets # 074-03437501.pdf,M-36-2025,BLUEBERRY,SURVEY,PARTICULARS → PARAGRAPH 1 → PARAGRAPH 2 → CONDITION FOUND OF BLUEBERRY FRUITS: → SURVEY PHOTOGRAPHS:
M-37-2025 Anusaya Fresh - Blueberry Air Shipment # 020-34538302.pdf,M-37-2025,BLUEBERRY,SURVEY,PARTICULARS → PARAGRAPH 1 → PARAGRAPH 2 → PARAGRAPH 2.1 → CONDITION FOUND OF BLUEBERRY FRUITS: → SURVEY PHOTOGRAPHS:
M-4-2025 Mauli International (Air Shipment - Blueberry).pdf,M-4-2025,BLUEBERRY,SURVEY,PARTICULARS → PARAGRAPH 1 → PARAGRAPH 2 → PARAGRAPH 2.1 → CONDITION FOUND OF BLUEBERRY FRUITS: → SURVEY PHOTOGRAPHS:
M-60-2025 Anusaya Fresh - Blueberry Air Shipment - 15 Pallets # 932-76042256 (Delhi Case).pdf,M-60-2025,BLUEBERRY,SURVEY,PARTICULARS → PARAGRAPH 1 → PARAGRAPH 2 → CONDITION FOUND OF BLUEBERRY FRUITS: → SURVEY PHOTOGRAPHS:
M-63-2025 Anusaya Fresh - Blueberry Air Shipment - 5 Pallets # 932-76042245 (Bangalore Case).pdf,M-63-2025,BLUEBERRY,SURVEY,PARTICULARS → PARAGRAPH 1 → PARAGRAPH 2 → PARAGRAPH 2.1 → CONDITION FOUND OF BLUEBERRY FRUITS: → SURVEY PHOTOGRAPHS:
M-69-24B Jaitra Overseas (Air Shipment - Blueberry).pdf,M-69-24B,BLUEBERRY,SURVEY,PARTICULARS → PARAGRAPH 1 → PARAGRAPH 2 → PARAGRAPH 2.1 → CONDITION FOUND OF BLUEBERRY FRUITS: → SURVEY PHOTOGRAPHS:
M-94-2026 NGK Trading (Agricola Don) Blueberry Shipment AWB #057-05011580.pdf,M-94-2026,BLUEBERRY,SURVEY,PARTICULARS → PARAGRAPH 1 → PARAGRAPH 2 → PARAGRAPH 2.1 → CONDITION FOUND OF BLUEBERRY FRUITS: → SURVEY FINDINGS IN GRAPH → SURVEY PHOTOGRAPHS:
M-113-2026 NGK Trading (Demir Fresh GIDA San) Cherry Airshipment # 235-IST-20442413.pdf,M-113-2026,CHERRY,SURVEY,PARTICULARS → PARAGRAPH 1 → PARAGRAPH 2 → PARAGRAPH 2.1 → CONDITION FOUND OF CHERRY FRUITS: → SURVEY FINDINGS IN GRAPH → SURVEY PHOTOGRAPHS:
M-195-2025 Anusaya Cherry Airway Bill No.176-20060865 (Bangalore).pdf,M-195-2025,CHERRY,SURVEY,PARTICULARS → PARAGRAPH 1 → PARAGRAPH 2 → PARAGRAPH 2.1 → CONDITION FOUND OF CHERRY FRUITS: → SURVEY FINDINGS IN GRAPH → SURVEY PHOTOGRAPHS:
M-209-2025 NGK Trading Cherry Airshipment # 074-04287463.pdf,M-209-2025,CHERRY,SURVEY,PARTICULARS → PARAGRAPH 1 → PARAGRAPH 2 → PARAGRAPH 2.1 → CONDITION FOUND OF CHERRY FRUITS: → SURVEY FINDINGS IN GRAPH → SURVEY PHOTOGRAPHS:
M-213-2025 Sunmoon International  Cherry Air Shipment # 057-57871984.pdf,M-213-2025,CHERRY,SURVEY,PARTICULARS → PARAGRAPH 1 → PARAGRAPH 2 → PARAGRAPH 2.1 → CONDITION FOUND OF CHERRY FRUITS: → SURVEY FINDINGS IN GRAPH → SURVEY PHOTOGRAPHS:
M-51-24B Mauli International (Air Shipment - Cherry).pdf,M-51-24B,CHERRY,SURVEY,PARTICULARS → PARAGRAPH 1 → PARAGRAPH 2 → PARAGRAPH 2.1 → CONDITION FOUND OF CHERRY FRUITS: → SURVEY PHOTOGRAPHS:
M-73-24B Parivid Impex - Cherry Container No. OTPU6007153.pdf,M-73-24B,CHERRY,SURVEY,PARTICULARS → PARAGRAPH 1 → PARAGRAPH 2 → PARAGRAPH 2.1 → CONDITION FOUND OF CHERRY FRUITS: → SURVEY PHOTOGRAPHS:
M-74-24B Parivid Impex - Cherry Container No. FBIU5176876.pdf,M-74-24B,CHERRY,SURVEY,PARTICULARS → PARAGRAPH 1 → PARAGRAPH 2 → PARAGRAPH 2.1 → CONDITION FOUND OF CHERRY FRUITS: → SURVEY PHOTOGRAPHS:
M-75-24B NGK Trading - Cherry Container No. FBIU5654337 (Destuffing).pdf,M-75-24B,CHERRY,SURVEY,PARTICULARS → PARAGRAPH 1 → PARAGRAPH 2 → PARAGRAPH 2.1 → SURVEY PHOTOGRAPHS:
M-81-24B NGK Trading - Cherry Container No. ZMOU8870511 (Destuffing).pdf,M-81-24B,CHERRY,SURVEY,PARTICULARS → PARAGRAPH 1 → PARAGRAPH 2 → PARAGRAPH 2.1 → SURVEY PHOTOGRAPHS:
M-83-24B Parivid Impex - Cherry Container No. ZCLU9923169.pdf,M-83-24B,CHERRY,SURVEY,PARTICULARS → PARAGRAPH 1 → PARAGRAPH 2 → PARAGRAPH 2.1 → SURVEY PHOTOGRAPHS:
M-84-24B Parivid Impex - Cherry Container No. ZCLU9952697 (Destuffing).pdf,M-84-24B,CHERRY,SURVEY,PARTICULARS → PARAGRAPH 1 → PARAGRAPH 2 → PARAGRAPH 2.1 → SURVEY PHOTOGRAPHS:
M-90-24B Parivid Impex - Cherry Container No. HLBU9203169 (03-03-2025).pdf,M-90-24B,CHERRY,SURVEY,PARTICULARS → PARAGRAPH 1 → PARAGRAPH 2 → PARAGRAPH 2.1 → SURVEY PHOTOGRAPHS:
M-90-24B Parivid Impex - Cherry Container No. HLBU9203169.pdf,M-90-24B,CHERRY,SURVEY,PARTICULARS → PARAGRAPH 1 → PARAGRAPH 2 → PARAGRAPH 2.1 → SURVEY PHOTOGRAPHS:
MCAPL-47-24B Mauli International (Air Shipment - Cherry).pdf,MCAPL-47-24B,CHERRY,SURVEY,PARTICULARS → PARAGRAPH 1 → PARAGRAPH 2 → PARAGRAPH 2.1 → CONDITION FOUND OF CHERRY FRUITS: → SURVEY PHOTOGRAPHS:
MCAPL-58-24B Mauli International (Air Shipment - Cherry).pdf,MCAPL-58-24B,CHERRY,SURVEY,PARTICULARS → PARAGRAPH 1 → PARAGRAPH 2 → PARAGRAPH 2.1 → CONDITION FOUND OF CHERRY FRUITS: → SURVEY PHOTOGRAPHS:
Parivid Impex Cherry Airway Bill No. 065-44156475.pdf,UNKNOWN,CHERRY,SURVEY,PARTICULARS → PARAGRAPH 1 → PARAGRAPH 2 → PARAGRAPH 2.1 → CONDITION FOUND OF CHERRY FRUITS: → SURVEY FINDINGS IN GRAPH → SURVEY PHOTOGRAPHS:
Parivid Impex Cherry Fruits AWB No. 065-44156464.pdf,UNKNOWN,CHERRY,SURVEY,PARTICULARS → PARAGRAPH 1 → PARAGRAPH 2 → PARAGRAPH 2.1 → CONDITION FOUND OF CHERRY FRUITS: → SURVEY FINDINGS IN GRAPH → SURVEY PHOTOGRAPHS:
Parivid Impex Cherry Fruits AWB No. 075-6665734.pdf,UNKNOWN,CHERRY,SURVEY,PARTICULARS → PARAGRAPH 1 → PARAGRAPH 2 → PARAGRAPH 2.1 → CONDITION FOUND OF CHERRY FRUITS: → SURVEY FINDINGS IN GRAPH → SURVEY PHOTOGRAPHS:
10) M-10-2026 Anusaya Fersh (Phulimex Import Export Co Ltd) Dragon Container No. SEGU9618051.pdf,M-10-2026,DRAGON,SURVEY,PARTICULARS → PARAGRAPH 1 → PARAGRAPH 2 → PARAGRAPH 2.1 → CONDITION FOUND: → SURVEY FINDINGS IN GRAPH → SURVEY PHOTOGRAPHS:
M-10-2025 Gajumal Mulchand - Dragon Container # FSCU5792023 & FSCU5794290.pdf,M-10-2025,DRAGON,SURVEY,PARTICULARS → PARAGRAPH 1 → PARAGRAPH 2 → PARAGRAPH 2.1 → PARAGRAPH 2.2
M-110-2025 Anusaya Fresh Dragon Container No. OTPU6033229.pdf,M-110-2025,DRAGON,SURVEY,PARTICULARS → PARAGRAPH 1 → PARAGRAPH 2 → PARAGRAPH 2.1 → CONDITION FOUND: → SURVEY PHOTOGRAPHS:
M-119-2025 Anusaya Fresh - Dragon Container No. OTPU6258040 (Bangalore QC).pdf,M-119-2025,DRAGON,QC,PARTICULARS → PARAGRAPH 1 → PARAGRAPH 2 → CONDITION FOUND: → SURVEY PHOTOGRAPHS:
M-120-2025 Anusaya Fresh - Dragon Container No. TEMU9554966 (Bangalore QC).pdf,M-120-2025,DRAGON,QC,PARTICULARS → PARAGRAPH 1 → PARAGRAPH 2 → CONDITION FOUND: → SURVEY PHOTOGRAPHS:
M-130-2025 Gajumal Mulchand - Dragon Container No. MORU1114999.pdf,M-130-2025,DRAGON,SURVEY,PARTICULARS → PARAGRAPH 1 → PARAGRAPH 2 → Note: → PARAGRAPH 2.1 → CONDITION FOUND: → SURVEY PHOTOGRAPHS FOR 29 SEPTEMBER 2025:
M-130-2026 Gajumal Mulchand (Nhat Viet Import Export) Dragon # OOLU6273801.pdf,M-130-2026,DRAGON,SURVEY,PARTICULARS → PARAGRAPH 1 → PARAGRAPH 2 → PARAGRAPH 2.1 → SURVEY FINDINGS IN GRAPH → SURVEY PHOTOGRAPHS:
M-158-2025 Anusaya Fresh Dragon Container No. IAAU8689499.pdf,M-158-2025,DRAGON,SURVEY,PARTICULARS → PARAGRAPH 1 → PARAGRAPH 2 → PARAGRAPH 2.1 → CONDITION FOUND: → SURVEY FINDINGS IN GRAPH → SURVEY PHOTOGRAPHS:
M-159-2025 Anusaya Fresh Dragon Container No. FSCU5812290.pdf,M-159-2025,DRAGON,SURVEY,PARTICULARS → PARAGRAPH 1 → PARAGRAPH 2 → Note: → PARAGRAPH 2.1 → CONDITION FOUND: → SURVEY FINDINGS IN GRAPH → SURVEY PHOTOGRAPHS:
M-161-2025 Anusaya Fresh Dragon Container No. FSCU5773450.pdf,M-161-2025,DRAGON,SURVEY,PARTICULARS → PARAGRAPH 1 → PARAGRAPH 2 → PARAGRAPH 2.1 → CONDITION FOUND: → SURVEY FINDINGS IN GRAPH → SURVEY PHOTOGRAPHS:
M-165-2025 Anusaya Fresh Dragon Container No. IAAU8681950  Chennai.pdf,M-165-2025,DRAGON,SURVEY,PARTICULARS → PARAGRAPH 1 → PARAGRAPH 2 → PARAGRAPH 2.1 → CONDITION FOUND: → SURVEY PHOTOGRAPHS:
M-165-2025 Anusaya Fresh Dragon Container Nos. IAAU8681950 & OTPU6032731 Chennai.pdf,M-165-2025,DRAGON,SURVEY,PARTICULARS → PARAGRAPH 1 → PARAGRAPH 2 → PARAGRAPH 2.1 → CONDITION FOUND: → SURVEY PHOTOGRAPHS:
M-229-2025 Apex Royal International Dragon Container No. SEGU9818430 - (2nd Visit).pdf,M-229-2025,DRAGON,SURVEY,PARTICULARS → PARAGRAPH 1 → PARAGRAPH 2 → NOTE: → PARAGRAPH 2.1 → CONDITION FOUND: → SURVEY FINDINGS IN GRAPH → SURVEY PHOTOGRAPHS
M-229-2025 Apex Royal International Dragon Container No. SEGU9818430.pdf,M-229-2025,DRAGON,SURVEY,PARTICULARS → PARAGRAPH 1 → PARAGRAPH 2 → PARAGRAPH 2.1 → CONDITION FOUND: → SURVEY FINDINGS IN GRAPH → SURVEY PHOTOGRAPHS 1 to 154:
M-26-2026 Anusaya Fersh (Phulimex Import Export Co Ltd) Dragon Container No. TEMU9291140.pdf,M-26-2026,DRAGON,SURVEY,PARTICULARS → PARAGRAPH 1 → PARAGRAPH 2 → PARAGRAPH 2.1 → CONDITION FOUND: → SURVEY PHOTOGRAPHS:
M-267-2025 Anusaya Fresh Dragon Container No. OTPU6254066 - Chennai.pdf,M-267-2025,DRAGON,SURVEY,PARTICULARS → PARAGRAPH 1 → PARAGRAPH 2 → PARAGRAPH 2.1 → CONDITION FOUND: → SURVEY PHOTOGRAPHS:
M-268-2025 Anusaya Fresh Dragon Container No. SEGU9752585 (PM Cold Storage).pdf,M-268-2025,DRAGON,SURVEY,PARTICULARS → PARAGRAPH 1 → PARAGRAPH 2 → NOTE: → PARAGRAPH 2.1 → CONDITION FOUND: → SURVEY FINDINGS IN GRAPH → SURVEY PHOTOGRAPHS:
M-50-2025 Shri Balaji Fruits Dragon Fruits Container No. FSCU5829544.pdf,M-50-2025,DRAGON,SURVEY,PARTICULARS → PARAGRAPH 1 → PARAGRAPH 2 → PARAGRAPH 2.1 → SURVEY PHOTOGRAPHS:
M-52-2025 Gajumal Mulchand - Chennai Dragon Container No. TCLU1368119.pdf,M-52-2025,DRAGON,SURVEY,PARTICULARS → PARAGRAPH 1 → PARAGRAPH 2 → PARAGRAPH 2.1 → CONDITION FOUND: → SURVEY PHOTOGRAPHS:
M-6-2026 Anusaya Fersh (Phulimex Import Export Co Ltd) Dragon Container No. OTPU6848854.pdf,M-6-2026,DRAGON,SURVEY,PARTICULARS → PARAGRAPH 1 → PARAGRAPH 2 → PARAGRAPH 2.1 → CONDITION FOUND: → SURVEY FINDINGS IN GRAPH → SURVEY PHOTOGRAPHS:
M-64-24B Shri Balaji Fruits Dragon Fruits Container No. IAAU8698356.pdf,M-64-24B,DRAGON,SURVEY,PARTICULARS → PARAGRAPH 1 → PARAGRAPH 2 → Note: → PARAGRAPH 2.1 → PHOTOS TAKEN DURING THE SURVEY:
M-7-2026 Anusaya Fersh (Phulimex Import Export Co Ltd) Dragon Container No. SEGU9762027.pdf,M-7-2026,DRAGON,SURVEY,PARTICULARS → PARAGRAPH 1 → PARAGRAPH 2 → PARAGRAPH 2.1 → CONDITION FOUND: → SURVEY FINDINGS IN GRAPH → SURVEY PHOTOGRAPHS:
M-80-2025 Anusaya Fresh - Dragon Container No. SEGU9312077.pdf,M-80-2025,DRAGON,SURVEY,PARTICULARS → PARAGRAPH 1 → PARAGRAPH 2 → PARAGRAPH 2.1 → CONDITION FOUND: → SURVEY PHOTOGRAPHS:
M-82-24B Gajumal Mulchand - Dragon Container No. FSCU5969274.pdf,M-82-24B,DRAGON,SURVEY,PARTICULARS → PARAGRAPH 1 → PARAGRAPH 2 → Note: → PARAGRAPH 2.1 → SURVEY PHOTOGRAPHS:
M-9-2026 Anusaya Fersh (Phulimex Import Export Co Ltd) Dragon Container No. IAAU8681760.pdf,M-9-2026,DRAGON,SURVEY,PARTICULARS → PARAGRAPH 1 → PARAGRAPH 2 → PARAGRAPH 2.1 → CONDITION FOUND: → SURVEY PHOTOGRAPHS:
M-93-24B Gajumal Mulchand - Dragon Container No. SEGU9037680 - Destuffing.pdf,M-93-24B,DRAGON,SURVEY,PARTICULARS → PARAGRAPH 1 → PARAGRAPH 2 → PARAGRAPH 2.1 → SURVEY PHOTOGRAPHS:
MCAPL-008-24B Gajumal Mulchand - (Dragon Shipment - Bangalore) - revised.pdf,MCAPL-008-24B,DRAGON,SURVEY,PARTICULARS → Note: → Photos taken during the survey:
MCAPL-013-24B Gajumal Mulchand - (Dragon Shipment - Bangalore).pdf,MCAPL-013-24B,DRAGON,SURVEY,PARTICULARS → PARAGRAPH 1 → PARAGRAPH 2 → Note: → PARAGRAPH 2.1 → PHOTOS TAKEN DURING THE SURVEY:
"M-100-2025 Gajumal Mulchand Grapes Container No. SEGU9909490 (IG, Hosur, Bangalore).pdf",M-100-2025,GRAPE,SURVEY,PARTICULARS → PARAGRAPH 1 → PARAGRAPH 2 → PARAGRAPH 2.1 → SURVEY PHOTOGRAPHS:
M-101-2025 Gajumal Mulchand Grapes Container No. BEAU9712533- Chennai.pdf,M-101-2025,GRAPE,SURVEY,PARTICULARS → PARAGRAPH 1 → PARAGRAPH 2 → PARAGRAPH 2.1 → SURVEY PHOTOGRAPHS:
M-104-2025 Gajumal Mulchand Grapes Container No. SEGU9945521 (CHENNAI) (Revised).pdf,M-104-2025,GRAPE,SURVEY,PARTICULARS → PARAGRAPH 1 → PARAGRAPH 2 → PARAGRAPH 2.1 → SURVEY PHOTOGRAPHS:
M-105-2025 Gajumal Mulchand Grapes Container No. SEGU9755054 (Chennai) - Revised.pdf,M-105-2025,GRAPE,SURVEY,PARTICULARS → PARAGRAPH 1 → PARAGRAPH 2 → PARAGRAPH 2.1 → SURVEY PHOTOGRAPHS:
M-107-2025 Gajumal Mulchand Grapes Container No. SEGU9808766 (Chennai).pdf,M-107-2025,GRAPE,SURVEY,PARTICULARS → PARAGRAPH 1 → PARAGRAPH 2 → PARAGRAPH 2.1 → SURVEY PHOTOGRAPHS:
M-122-2025 Pawanai Ventures - Grapes Container No. IAAU8691177.pdf,M-122-2025,GRAPE,SURVEY,PARTICULARS → PARAGRAPH 1 → PARAGRAPH 2 → NOTE: → PARAGRAPH 2.1 → SURVEY PHOTOGRAPHS:
M-148-2025 AG International - Grapes Container No. SKRU9201648.pdf,M-148-2025,GRAPE,SURVEY,PARTICULARS → PARAGRAPH 1 → PARAGRAPH 2 → Note: → PARAGRAPH 2.1 → SURVEY FINDINGS IN GRAPH → SURVEY PHOTOGRAPHS:
M-157-2025 Gajumal Mulchand Grapes Container No. OOLU6286183.pdf,M-157-2025,GRAPE,SURVEY,PARTICULARS → PARAGRAPH 1 → PARAGRAPH 2 → PARAGRAPH 2.1 → SURVEY FINDINGS IN GRAPH → SURVEY PHOTOGRAPHS:
M-173-2025 Gajumal Mulchand Grapes Container No. OTPU6606399.pdf,M-173-2025,GRAPE,SURVEY,PARTICULARS → PARAGRAPH 1 → PARAGRAPH 2 → Note: → PARAGRAPH 2.1 → SURVEY PHOTOGRAPHS:
M-182-2025 Gajumal Mulchand Grapes Container No. SZLU9748260.pdf,M-182-2025,GRAPE,SURVEY,PARTICULARS → PARAGRAPH 1 → PARAGRAPH 2 → PARAGRAPH 2.1 → SURVEY FINDINGS IN GRAPH → SURVEY PHOTOGRAPHS:
M-183-2025 Yunnan Lantuo grapes Container No. FBIU5008126.pdf,M-183-2025,GRAPE,SURVEY,PARTICULARS → PARAGRAPH 1 → PARAGRAPH 2 → PARAGRAPH 2.1 → SURVEY PHOTOGRAPHS
M-185-2025 Gyan Fruit Grapes Container No. IAAU8688234.pdf,M-185-2025,GRAPE,SURVEY,PARTICULARS → PARAGRAPH 1 → PARAGRAPH 2 → PARAGRAPH 2.1 → SURVEY FINDINGS IN GRAPH → SURVEY PHOTOGRAPHS:
M-186-2025 Gajumal Mulchand Grapes Container No. IAAU8684990 & SZLU9726527.pdf,M-186-2025,GRAPE,SURVEY,PARTICULARS → PARAGRAPH 1 → PARAGRAPH 2 → PARAGRAPH 2.1 → SURVEY PHOTOGRAPHS:
M-189-2025 Fresh Fruit Alliances Grapes Container No. IAAU8680526.pdf,M-189-2025,GRAPE,SURVEY,PARTICULARS → PARAGRAPH 1 → PARAGRAPH 2 → Note: → PARAGRAPH 2.1 → SURVEY FINDINGS IN GRAPH → SURVEY PHOTOGRAPHS:
M-190-2025 Gajumal Grapes Container No. HALU9000888.pdf,M-190-2025,GRAPE,SURVEY,PARTICULARS → PARAGRAPH 1 → PARAGRAPH 2 → PARAGRAPH 2.1 → SURVEY FINDINGS IN GRAPH → SURVEY PHOTOGRAPHS:
M-200-2025 Sunmoon International Grapes Air Shipment.pdf,M-200-2025,GRAPE,SURVEY,PARTICULARS → PARAGRAPH 1 → PARAGRAPH 2 → PARAGRAPH 2.1 → SURVEY FINDINGS IN GRAPH → SURVEY PHOTOGRAPHS:
M-201-2025 Fresh Fruit Alliances Grapes Container No. IAAU8682175.pdf,M-201-2025,GRAPE,SURVEY,PARTICULARS → PARAGRAPH 1 → PARAGRAPH 2 → Note: → PARAGRAPH 2.1 → SURVEY FINDINGS IN GRAPH → SURVEY PHOTOGRAPHS:
M-226-2025 NGK Trading Grapes Container No. OTPU6033018.pdf,M-226-2025,GRAPE,SURVEY,PARTICULARS → PARAGRAPH 1 → PARAGRAPH 2 → Note: → PARAGRAPH 2.1 → SURVEY FINDINGS IN GRAPH → SURVEY PHOTOGRAPHS:
M-247-2025 Gyan Fruit Company Grapes Container No. FBIU5092841.pdf,M-247-2025,GRAPE,SURVEY,PARTICULARS → PARAGRAPH 1 → PARAGRAPH 2 → PARAGRAPH 2.1 → SURVEY FINDINGS IN GRAPH → SURVEY PHOTOGRAPHS:
M-34-2026 Gyan Fruit (SK Gyan Fruit SPA) Grapes Container No. OTPU6739920.pdf,M-34-2026,GRAPE,SURVEY,PARTICULARS → PARAGRAPH 1 → PARAGRAPH 2 → PARAGRAPH 2.1 → SURVEY FINDINGS IN GRAPH → SURVEY PHOTOGRAPHS:
M-43-2025 NGK Trading - Grapes Container No. SEKU9335288.pdf,M-43-2025,GRAPE,SURVEY,PARTICULARS → PARAGRAPH 1 → PARAGRAPH 2 → Note: → PARAGRAPH 2.1 → SURVEY PHOTOGRAPHS:
M-55-24B Aayush Impex - Grapes Container No. TCLU1024263.pdf,M-55-24B,GRAPE,SURVEY,PARTICULARS → PARAGRAPH 1 → PARAGRAPH 2 → NOTE: → PARAGRAPH 2.1 → SURVEY PHOTOGRAPHS:
M-56-2026 Gajumal Mulchand (Shaanxi Fofan Int) Grapes Container No. SZLU9727816.pdf,M-56-2026,GRAPE,SURVEY,PARTICULARS → PARAGRAPH 1 → PARAGRAPH 2 → PARAGRAPH 2.1 → SURVEY FINDINGS IN GRAPH → SURVEY PHOTOGRAPHS (FIRST VISIT)
M-72-24B Gajumal Mulchand - Grapes Container No. IAAU8698422.pdf,M-72-24B,GRAPE,SURVEY,PARTICULARS → PARAGRAPH 1 → PARAGRAPH 2 → PARAGRAPH 2.1 → SURVEY PHOTOGRAPHS:
M-73-2026 Gajumal Mulchand (Exportadora Agroqore SPA) Grapes Container No. SEKU9067591.pdf,M-73-2026,GRAPE,SURVEY,PARTICULARS → PARAGRAPH 1 → PARAGRAPH 2 → Note: → PARAGRAPH 2.1 → SURVEY FINDINGS IN GRAPH → SURVEY PHOTOGRAPHS:
M-74-2025 Gajumal Mulchand Grapes Container No. SZLU9456890.pdf,M-74-2025,GRAPE,SURVEY,PARTICULARS → PARAGRAPH 1 → PARAGRAPH 2 → PARAGRAPH 2.1 → SURVEY PHOTOGRAPHS:
M-74-2026 AG International (Exportadora Agroqore SPA) Grapes Container No. SEKU9065515.pdf,M-74-2026,GRAPE,SURVEY,PARTICULARS → PARAGRAPH 1 → PARAGRAPH 2 → Note: → PARAGRAPH 2.1 → SURVEY FINDINGS IN GRAPH → SURVEY PHOTOGRAPHS:
M-75-2025 Gajumal Mulchand Grapes Container No. IAAU8690437.pdf,M-75-2025,GRAPE,SURVEY,PARTICULARS → PARAGRAPH 1 → PARAGRAPH 2 → PARAGRAPH 2.1 → SURVEY PHOTOGRAPHS:
M-76-2025 Gajumal Mulchand Grapes Container (Nos. EMCU5522638 & EMCU5633539).pdf,M-76-2025,GRAPE,SURVEY,PARTICULARS → PARAGRAPH 1 → PARAGRAPH 2 → PARAGRAPH 2.1 → SURVEY PHOTOGRAPHS:
M-77-2025 Gajumal Mulchand Grapes Container Nos. EGSU5055825 & EMCU5556638.pdf,M-77-2025,GRAPE,SURVEY,PARTICULARS → PARAGRAPH 1 → PARAGRAPH 2 → PARAGRAPH 2.1 → SURVEY PHOTOGRAPHS:
M-79-2025 Gajumal Mulchand Grapes Container No. SZLU9709448.pdf,M-79-2025,GRAPE,SURVEY,PARTICULARS → PARAGRAPH 1 → PARAGRAPH 2 → PARAGRAPH 2.1 → SURVEY PHOTOGRAPHS:
M-81-2025 Gajumal Mulchand Grapes Container No. SZLU9384872 (Bangalore).pdf,M-81-2025,GRAPE,SURVEY,PARTICULARS → PARAGRAPH 1 → PARAGRAPH 2 → PARAGRAPH 2.1 → SURVEY PHOTOGRAPHS:
M-88-2025 Gajumal Mulchand Grapes Container No. FBIU5566745.pdf,M-88-2025,GRAPE,SURVEY,PARTICULARS → PARAGRAPH 1 → PARAGRAPH 2 → PARAGRAPH 2.1 → SURVEY PHOTOGRAPHS:
M-92-2025 Gajumal Mulchand Grapes Container No. EMCU5423390 - (Delhi).pdf,M-92-2025,GRAPE,SURVEY,PARTICULARS → PARAGRAPH 1 → PARAGRAPH 2 → PARAGRAPH 2.1 → SURVEY PHOTOGRAPHS:
M-93-2025 Gajumal Mulchand Grapes Container No. FBIU5324124.pdf,M-93-2025,GRAPE,SURVEY,PARTICULARS → PARAGRAPH 1 → PARAGRAPH 2 → PARAGRAPH 2.1 → SURVEY PHOTOGRAPHS:
M-94-2025 Gajumal Mulchand Grapes Container No. FBIU5395133.pdf,M-94-2025,GRAPE,SURVEY,PARTICULARS → PARAGRAPH 1 → PARAGRAPH 2 → PARAGRAPH 2.1 → SURVEY PHOTOGRAPHS:
M-95-2025 Gajumal Mulchand Grapes Container No. OTPU6622527 - CHENNAI.pdf,M-95-2025,GRAPE,SURVEY,PARTICULARS → PARAGRAPH 1 → PARAGRAPH 2 → PARAGRAPH 2.1 → SURVEY PHOTOGRAPHS:
M-96-2025 Gajumal Mulchand Grapes Container No. EMCU5621780 (Chennai).pdf,M-96-2025,GRAPE,SURVEY,PARTICULARS → PARAGRAPH 1 → PARAGRAPH 2 → PARAGRAPH 2.1 → SURVEY PHOTOGRAPHS:
M-98-2025 Gajumal Mulchand Grapes Container No. FBIU5367337 - (Delhi).pdf,M-98-2025,GRAPE,SURVEY,PARTICULARS → PARAGRAPH 1 → PARAGRAPH 2 → PARAGRAPH 2.1 → SURVEY PHOTOGRAPHS:
"M-99-2025 Gajumal Mulchand Grapes Container No. SZLU6032775 (IG, Electronic City, Bangalore).pdf",M-99-2025,GRAPE,SURVEY,PARTICULARS → PARAGRAPH 1 → PARAGRAPH 2 → PARAGRAPH 2.1 → SURVEY PHOTOGRAPHS:
MCAPL-016-24B HGS International - 1 Container (Grapes) - Revised.pdf,MCAPL-016-24B,GRAPE,SURVEY,PARTICULARS → PARAGRAPH 1 → PARAGRAPH 2 → PARAGRAPH 2.1 → SURVEY PHOTOGRAPHS:
MCAPL-028-24B RB Impex - SEGU9950580  (Grapes).pdf,MCAPL-028-24B,GRAPE,SURVEY,PARTICULARS → PARAGRAPH 1 → PARAGRAPH 2 → NOTE: → PARAGRAPH 2.1 → SURVEY PHOTOGRAPHS:
MCAPL-33-24B Gajumal Mulchand - (OTPU6222304 - Grapes).pdf,MCAPL-33-24B,GRAPE,SURVEY,PARTICULARS → PARAGRAPH 1 → PARAGRAPH 2 → PARAGRAPH 2.1 → Condition found of Container No. OTPU6222304 & Cargo: → SURVEY PHOTOGRAPHS:
MCAPL-34-24B HGS International - CXRU1634330 - Grapes Destuffing).pdf,MCAPL-34-24B,GRAPE,SURVEY,PARTICULARS → PARAGRAPH 1 → PARAGRAPH 2 → PARAGRAPH 2.1 → SURVEY PHOTOGRAPHS:
MCAPL-35-24B RB Impex - (EMCU5384708  - Grapes).pdf,MCAPL-35-24B,GRAPE,SURVEY,PARTICULARS → PARAGRAPH 1 → PARAGRAPH 2 → NOTE: → PARAGRAPH 2.1
MCAPL-36-24B RB Impex - (EMCU5554358 - Grapes).pdf,MCAPL-36-24B,GRAPE,SURVEY,PARTICULARS → PARAGRAPH 1 → PARAGRAPH 2 → NOTE:
MCAPL-39-24B RB Impex - FBIU5381443 - Grapes).pdf,MCAPL-39-24B,GRAPE,SURVEY,PARTICULARS → PARAGRAPH 1 → PARAGRAPH 2 → NOTE: → PARAGRAPH 2.1 → SURVEY PHOTOGRAPHS:
MCAPL-40-24B RB Impex - SEGU9822337 - Grapes).pdf,MCAPL-40-24B,GRAPE,SURVEY,PARTICULARS → PARAGRAPH 1 → PARAGRAPH 2 → NOTE:
MCAPL-41-24B Gajumal Mulchand -  EMCU5573620 & EMCU5465158- Grapes) 3 visits only.pdf,MCAPL-41-24B,GRAPE,SURVEY,PARTICULARS → PARAGRAPH 1 → PARAGRAPH 2 → PARAGRAPH 2.1 → SURVEY PHOTOGRAPHS:
MCAPL-41-24B Gajumal Mulchand -  EMCU5573620 & EMCU5465158- Grapes).pdf,MCAPL-41-24B,GRAPE,SURVEY,PARTICULARS → PARAGRAPH 1 → PARAGRAPH 2 → PARAGRAPH 2.1 → SURVEY PHOTOGRAPHS:
MCAPL-49-24B IFC International - TSTU8504829 - Grapes.pdf,MCAPL-49-24B,GRAPE,SURVEY,PARTICULARS → PARAGRAPH 1 → PARAGRAPH 2 → NOTE: → PARAGRAPH 2.1 → SURVEY PHOTOGRAPHS:
RK Global Grapes Container No. OTPU6035453.pdf,UNKNOWN,GRAPE,SURVEY,PARTICULARS → PARAGRAPH 1 → PARAGRAPH 2 → PARAGRAPH 2.1 → SURVEY FINDINGS IN GRAPH → SURVEY PHOTOGRAPHS:
M-102-2026 NGK Trading (Agrofruta S.A. Chile) Kiwi # OTPU6766015.pdf,M-102-2026,KIWI,SURVEY,PARTICULARS → PARAGRAPH 1 → PARAGRAPH 2 → PARAGRAPH 2.1 → CONDITION FOUND OF KIWI FRUITS: → SURVEY PHOTOGRAPHS:
M-105-2026 RGS Exim - Hero Tejaraj Arad (Hero Trading Co.) Kiwi # ORIU4110016.pdf,M-105-2026,KIWI,SURVEY,PARTICULARS → PARAGRAPH 1 → PARAGRAPH 2 → PARAGRAPH 2.1 → CONDITION FOUND OF KIWI FRUITS: → SURVEY PHOTOGRAPHS:
M-105-2026 RGS Exim - Hero Tejaraj Arad (Hero Trading Co.) Kiwi # QRIU4110016.pdf,M-105-2026,KIWI,SURVEY,PARTICULARS → PARAGRAPH 1 → PARAGRAPH 2 → PARAGRAPH 2.1 → CONDITION FOUND OF KIWI FRUITS: → SURVEY PHOTOGRAPHS:
M-106-2026 RGS Exim - Hero Tejaraj Arad (Hero Trading Co.) Kiwi # MYRU4513673.pdf,M-106-2026,KIWI,SURVEY,PARTICULARS → PARAGRAPH 1 → PARAGRAPH 2 → PARAGRAPH 2.1 → CONDITION FOUND OF KIWI FRUITS: → SURVEY PHOTOGRAPHS:
M-106-24B Aayush Impex (Kiwi Container No. CGMU5307712) - Destuffing.pdf,M-106-24B,KIWI,SURVEY,PARTICULARS → PARAGRAPH 1 → PARAGRAPH 2 → PARAGRAPH 2.1
M-107-2026 RGS Exim - Hero Tejaraj Arad (Hero Trading Co.) Kiwi # ALLU4500974.pdf,M-107-2026,KIWI,SURVEY,PARTICULARS → PARAGRAPH 1 → PARAGRAPH 2 → PARAGRAPH 2.1 → CONDITION FOUND OF KIWI FRUITS: → SURVEY PHOTOGRAPHS:
M-107-24B HGS International - Kiwi Container No. FSCU5350588 - Destuffing.pdf,M-107-24B,KIWI,SURVEY,PARTICULARS → PARAGRAPH 1 → PARAGRAPH 2 → PARAGRAPH 2.1 → SURVEY PHOTOGRAPHS:
M-111-24B Gyan Fruit Company Kiwi Container No. SZLU9443430.pdf,M-111-24B,KIWI,SURVEY,PARTICULARS → PARAGRAPH 1 → PARAGRAPH 2 → NOTE: → PARAGRAPH 2.1 → CONDITION FOUND OF KIWI FRUITS: → SURVEY PHOTOGRAPHS:
M-118-2026 Gyan Fruits (SK Gyan Fruit SPA) Kiwi # OTPU6467082.pdf,M-118-2026,KIWI,SURVEY,PARTICULARS → PARAGRAPH 1 → PARAGRAPH 2 → PARAGRAPH 2.1 → CONDITION FOUND OF KIWI FRUITS: → Condition found of Kiwi Fruits: → SURVEY PHOTOGRAPHS:
M-119-2026 Gyan Fruits (SK Gyan Fruit SPA) Kiwi # YMLU5448630.pdf,M-119-2026,KIWI,SURVEY,PARTICULARS → PARAGRAPH 1 → PARAGRAPH 2 → PARAGRAPH 2.1 → CONDITION FOUND OF KIWI FRUITS: → Condition found of Kiwi Fruits: → SURVEY PHOTOGRAPHS:
M-120-2026 Gyan Fruits (SK Gyan Fruit SPA) Kiwi # YMLU5511270.pdf,M-120-2026,KIWI,SURVEY,PARTICULARS → PARAGRAPH 1 → PARAGRAPH 2 → PARAGRAPH 2.1 → CONDITION FOUND OF KIWI FRUITS: → Condition found of Kiwi Fruits: → SURVEY PHOTOGRAPHS:
M-120-24B Nexgen Fruit Fresh Kiwi Container No. OOLU6522910.pdf,M-120-24B,KIWI,SURVEY,PARTICULARS → PARAGRAPH 1 → PARAGRAPH 2 → NOTE: → PARAGRAPH 2.1 → CONDITION FOUND OF KIWI FRUITS: → SURVEY PHOTOGRAPHS:
M-121-2026 Gyan Fruit (SK Gyan Fruit SPA) Kiwi # YMLU5492530.pdf,M-121-2026,KIWI,SURVEY,PARTICULARS → PARAGRAPH 1 → PARAGRAPH 2 → PARAGRAPH 2.1 → CONDITION FOUND OF KIWI FRUITS: → Condition found of Kiwi Fruits: → SURVEY PHOTOGRAPHS:
M-124-2025 RB Fruitech - Kiwi Container No. OTPU6693120.pdf,M-124-2025,KIWI,SURVEY,PARTICULARS → PARAGRAPH 1 → PARAGRAPH 2 → PARAGRAPH 2.1 → CONDITION FOUND OF KIWI FRUITS: → Condition found of Kiwi Fruits: → SURVEY PHOTOGRAPHS:
M-125-2025 RB Fruitech - Kiwi Container No. SZLU9755973.pdf,M-125-2025,KIWI,SURVEY,PARTICULARS → PARAGRAPH 1 → PARAGRAPH 2 → PARAGRAPH 2.1 → CONDITION FOUND OF KIWI FRUITS: → Condition found of Kiwi Fruits: → SURVEY PHOTOGRAPHS:
M-126-2025 RB Fruitech - Kiwi Container No. SEGU9762217.pdf,M-126-2025,KIWI,SURVEY,PARTICULARS → PARAGRAPH 1 → PARAGRAPH 2 → PARAGRAPH 2.1 → CONDITION FOUND OF KIWI FRUITS: → Condition found of Kiwi Fruits: → SURVEY PHOTOGRAPHS:
M-127-25B Nexgen Fruit Fresh Kiwi Container No. TTNU8675797 - QC Inspection Report.pdf,M-127-25B,KIWI,QC,PARTICULARS → PARAGRAPH 1 → PARAGRAPH 2 → CONDITION FOUND OF KIWI FRUITS: → QC INSPECTION PHOTOGRAPHS:
M-132-2026 Gyan Fruits (SK Gyan Fruit SPA) Kiwi # OTPU6475133.pdf,M-132-2026,KIWI,SURVEY,PARTICULARS → PARAGRAPH 1 → PARAGRAPH 2 → PARAGRAPH 2.1 → CONDITION FOUND OF KIWI FRUITS: → Condition found of Kiwi Fruits: → SURVEY PHOTOGRAPHS:
M-133-2026 Gyan Fruits (SK Gyan Fruit SPA) Kiwi # YMLU5902085.pdf,M-133-2026,KIWI,SURVEY,PARTICULARS → PARAGRAPH 1 → PARAGRAPH 2 → PARAGRAPH 2.1 → CONDITION FOUND OF KIWI FRUITS: → Condition found of Kiwi Fruits: → SURVEY PHOTOGRAPHS:
M-134-2026 Gyan Fruits (SK Gyan Fruit SPA) Kiwi # OTPU6470403.pdf,M-134-2026,KIWI,SURVEY,PARTICULARS → PARAGRAPH 1 → PARAGRAPH 2 → PARAGRAPH 2.1 → CONDITION FOUND OF KIWI FRUITS: → Condition found of Kiwi Fruits: → SURVEY PHOTOGRAPHS:
M-135-2026 Gyan Fruits (SK Gyan Fruit SPA) Kiwi # YMLU5527214.pdf,M-135-2026,KIWI,SURVEY,PARTICULARS → PARAGRAPH 1 → PARAGRAPH 2 → PARAGRAPH 2.1 → CONDITION FOUND OF KIWI FRUITS: → Condition found of Kiwi Fruits: → SURVEY PHOTOGRAPHS:
M-2-2025 Fresh Fruit Alliances - Kiwi Container # KKFU6721770.pdf,M-2-2025,KIWI,SURVEY,PARTICULARS → PARAGRAPH 1 → PARAGRAPH 2 → NOTE: → PARAGRAPH 2.1 → CONDITION FOUND OF KIWI FRUITS: → SURVEY PHOTOGRAPHS:
M-35-2025 Fresh Fruit Alliances - Kiwi Container No. JXLU5822345.pdf,M-35-2025,KIWI,SURVEY,PARTICULARS → PARAGRAPH 1 → PARAGRAPH 2 → NOTE: → PARAGRAPH 2.1 → CONDITION FOUND OF KIWI FRUITS: → SURVEY PHOTOGRAPHS:
M-42-2025 Gyan Fruit Company - Kiwi Container No. SEGU9820648.pdf,M-42-2025,KIWI,SURVEY,PARTICULARS → PARAGRAPH 1 → PARAGRAPH 2 → PARAGRAPH 2.1 → CONDITION FOUND OF KIWI FRUITS: → Condition found of Kiwi Fruits: → SURVEY PHOTOGRAPHS:
M-47-2025 - Laxmi Enterprises - Kiwi Container No. SEKU9189049.pdf,M-47-2025,KIWI,SURVEY,PARTICULARS → PARAGRAPH 1 → PARAGRAPH 2 → PARAGRAPH 2.1 → CONDITION FOUND OF KIWI FRUITS: → Condition found of Kiwi Fruits: → Note: → SURVEY PHOTOGRAPHS:
M-48-2025 Laxmi Enterprises - Kiwi Container No. SEKU9150643.pdf,M-48-2025,KIWI,SURVEY,PARTICULARS → PARAGRAPH 1 → PARAGRAPH 2 → PARAGRAPH 2.1 → CONDITION FOUND OF KIWI FRUITS: → Condition found of Kiwi Fruits: → SURVEY PHOTOGRAPHS:
M-5-2025 Gyan Fruit Company Kiwi Container No. OTPU6004025.pdf,M-5-2025,KIWI,SURVEY,PARTICULARS → PARAGRAPH 1 → PARAGRAPH 2 → NOTE: → PARAGRAPH 2.1 → CONDITION FOUND OF KIWI FRUITS: → Condition found of Kiwi Fruits: → SURVEY PHOTOGRAPHS:
M-7-2025 Gyan Fruit Company - Kiwi Container # FBIU5486531.pdf,M-7-2025,KIWI,SURVEY,PARTICULARS → PARAGRAPH 1 → PARAGRAPH 2 → NOTE: → PARAGRAPH 2.1 → CONDITION FOUND OF KIWI FRUITS: → Condition found of Kiwi Fruits: → SURVEY PHOTOGRAPHS:
M-79-24B R B Fruitech Pvt.Ltd (Kiwi Container No. OTPU6187501).pdf,M-79-24B,KIWI,SURVEY,PARTICULARS → PARAGRAPH 1 → PARAGRAPH 2 → PARAGRAPH 2.1
MCAPL-021-24B RB Fruitech Pvt. Ltd (Kiwi).pdf,MCAPL-021-24B,KIWI,SURVEY,PARTICULARS → PARAGRAPH 1 → PARAGRAPH 2 → NOTE: → PARAGRAPH 2.1
MCAPL-026-24B RB Fruitech Pvt. Ltd (Kiwi) # FSCU5934914.pdf,MCAPL-026-24B,KIWI,SURVEY,PARTICULARS → PARAGRAPH 1 → PARAGRAPH 2 → NOTE:
MCAPL-027-24B RB Fruitech Pvt. Ltd (Kiwi) # SEKU9080335.pdf,MCAPL-027-24B,KIWI,SURVEY,PARTICULARS → PARAGRAPH 1 → PARAGRAPH 2 → NOTE: → PARAGRAPH 2.1
M-1-2026 Gajumal Mulchand (Shandong Goodfarmer) Mandarin Container No. EMCU5657715.pdf,M-1-2026,MANDARIN,SURVEY,PARTICULARS → PARAGRAPH 1 → PARAGRAPH 2 → Note: → PARAGRAPH 2.1 → SURVEY FINDINGS IN GRAPH → SURVEY PHOTOGRAPHS:
M-101-2026 NGK Trading (Safesco South Africa Pty.Ltd) Mandarin # CHIU9031930.pdf,M-101-2026,MANDARIN,SURVEY,PARTICULARS → PARAGRAPH 1 → PARAGRAPH 2 → Note: → PARAGRAPH 2.1 → SURVEY FINDINGS IN GRAPH → SURVEY PHOTOGRAPHS:
M-103-2026 Gajumal Mulchand (The Fresh Connection) Mandarin # TRIU8495465.pdf,M-103-2026,MANDARIN,SURVEY,PARTICULARS → PARAGRAPH 1 → PARAGRAPH 2 → Note: → PARAGRAPH 2.1 → SURVEY FINDINGS IN GRAPH → SURVEY PHOTOGRAPHS:
M-104-2026 Daily Harvest (Afresco South Africa) Mandarin & Oranges # SZLU9932560.pdf,M-104-2026,MANDARIN,SURVEY,PARTICULARS → PARAGRAPH 1 → PARAGRAPH 2 → NOTE: → PARAGRAPH 2.1 → SURVEY FINDINGS IN GRAPH → SURVEY PHOTOGRAPHS:
M-110-2026 Gajumal Mulchand (The Fresh Connection) Mandarin # CGMU5533387.pdf,M-110-2026,MANDARIN,SURVEY,PARTICULARS → PARAGRAPH 1 → PARAGRAPH 2 → Note: → PARAGRAPH 2.1 → SURVEY FINDINGS IN GRAPH → SURVEY PHOTOGRAPHS:
M-111-2026 Gajumal Mulchand (The Fresh Connection) Mandarin # TRIU8495465.pdf,M-111-2026,MANDARIN,SURVEY,PARTICULARS → PARAGRAPH 1 → PARAGRAPH 2 → Note: → PARAGRAPH 2.1 → SURVEY FINDINGS IN GRAPH → SURVEY PHOTOGRAPHS:
M-126-2026 Daily Harvest (Safresco South Africa) Mandarin # CGMU5634274 (Taloja).pdf,M-126-2026,MANDARIN,SURVEY,PARTICULARS → PARAGRAPH 1 → PARAGRAPH 2 → NOTE: → PARAGRAPH 2.1 → SURVEY FINDINGS IN GRAPH → SURVEY PHOTOGRAPHS:
M-127-2026 Anusaya Fresh (Songbird Produce) Mandarin # OERU4314626.pdf,M-127-2026,MANDARIN,SURVEY,PARTICULARS → PARAGRAPH 1 → PARAGRAPH 2 → Note: → PARAGRAPH 2.1 → SURVEY FINDINGS IN GRAPH → SURVEY PHOTOGRAPHS:
M-128-2026 Anusaya Fresh (Songbird Produce) Mandarin # TXGU9026107.pdf,M-128-2026,MANDARIN,SURVEY,PARTICULARS → PARAGRAPH 1 → PARAGRAPH 2 → Note: → PARAGRAPH 2.1 → SURVEY FINDINGS IN GRAPH → SURVEY PHOTOGRAPHS:
M-152-2025 Taj Traders Mandarins Container No. ZMOU8894318.pdf,M-152-2025,MANDARIN,SURVEY,PARTICULARS → PARAGRAPH 1 → PARAGRAPH 2 → PARAGRAPH 2.1 → SURVEY PHOTOGRAPHS:
M-3-2026 Gajumal Mulchand (Shaanxi Fofan Int.) Mandarin Container Nos. SZLU9370930 & FSCU5895058.pdf,M-3-2026,MANDARIN,SURVEY,PARTICULARS → PARAGRAPH 1 → PARAGRAPH 2 → Note: → PARAGRAPH 2.1 → SURVEY FINDINGS IN GRAPH # SZLU9370930
M-4-2026 Gajumal Mulchand (Shaanxi Fofan Int.) Mandarin Container Nos. FBIU5368987 & FBIU5103777.pdf,M-4-2026,MANDARIN,SURVEY,PARTICULARS → PARAGRAPH 1 → PARAGRAPH 2 → Note: → PARAGRAPH 2.1 → SURVEY FINDINGS IN GRAPH # FBIU5368987 → SURVEY PHOTOGRAPHS # FBIU5368987:
M-5-2026 Gajumal Mulchand (Nanfeng Jerrie) Mandarin Container No. OTPU6831580.pdf,M-5-2026,MANDARIN,SURVEY,PARTICULARS → PARAGRAPH 1 → PARAGRAPH 2 → PARAGRAPH 2.1 → SURVEY FINDINGS IN GRAPH # OTPU6831580 → SURVEY PHOTOGRAPHS:
M-51-2025 Fresh Fruit Alliances - Mandarins Container No. FSCU5919057.pdf,M-51-2025,MANDARIN,SURVEY,PARTICULARS → PARAGRAPH 1 → PARAGRAPH 2 → Note: → PARAGRAPH 2.1 → SURVEY PHOTOGRAPHS:
M-62-2025 Anusaya Fresh - Mandarins Container No. MNBU4384989.pdf,M-62-2025,MANDARIN,SURVEY,PARTICULARS → PARAGRAPH 1 → PARAGRAPH 2 → Note: → PARAGRAPH 2.1 → SURVEY PHOTOGRAPHS:
M-63-2026 Fresh Harvest (Shandong Taifeng Commercial Group. Co.Ltd) Mandarin Container No. EMCU5682153.pdf,M-63-2026,MANDARIN,SURVEY,PARTICULARS → PARAGRAPH 1 → PARAGRAPH 2 → Note: → PARAGRAPH 2.1 → SURVEY FINDINGS IN GRAPH → SURVEY PHOTOGRAPHS:
M-82-2026 NGK Trading (Safresco South Africa Pty. Ltd) Mandarin Container No. CGMU5820941.pdf,M-82-2026,MANDARIN,SURVEY,PARTICULARS → PARAGRAPH 1 → PARAGRAPH 2 → PARAGRAPH 2.1 → SURVEY FINDINGS IN GRAPH → SURVEY PHOTOGRAPHS:
M-85-2026 NGK Trading (Safesco South Africa Pty.Ltd) Mandarin # SZLU7034005.pdf,M-85-2026,MANDARIN,SURVEY,PARTICULARS → PARAGRAPH 1 → PARAGRAPH 2 → Note: → PARAGRAPH 2.1 → SURVEY FINDINGS IN GRAPH → SURVEY PHOTOGRAPHS:
M-86-2026 NGK Trading (Safesco South Africa Pty.Ltd) Mandarin # CXRU1321530.pdf,M-86-2026,MANDARIN,SURVEY,PARTICULARS → PARAGRAPH 1 → PARAGRAPH 2 → PARAGRAPH 2.1 → SURVEY FINDINGS IN GRAPH → SURVEY PHOTOGRAPHS:
M-87-2026 NGK Trading (Safesco South Africa Pty.Ltd) Mandarin # AMCU9394720.pdf,M-87-2026,MANDARIN,SURVEY,PARTICULARS → PARAGRAPH 1 → PARAGRAPH 2 → Note: → PARAGRAPH 2.1 → SURVEY FINDINGS IN GRAPH → SURVEY PHOTOGRAPHS:
M-88-2026 Gajumal Mulchand (The Fresh Connection) Mandarin # CGMU5533387.pdf,M-88-2026,MANDARIN,SURVEY,PARTICULARS → PARAGRAPH 1 → PARAGRAPH 2 → Note: → PARAGRAPH 2.1 → SURVEY FINDINGS IN GRAPH → SURVEY PHOTOGRAPHS:
MCAPL-024-24B Mahira International - Mandarins Container No. MNBU3142893 (Revised).pdf,MCAPL-024-24B,MANDARIN,SURVEY,PARTICULARS → PARAGRAPH 1 → PARAGRAPH 2 → Note: → PARAGRAPH 2.1 → PHOTOS TAKEN DURING THE SURVEY:
MCAPL-025-24B Mahira International - Mandarins Container No. MMAU1005547.pdf,MCAPL-025-24B,MANDARIN,SURVEY,PARTICULARS → PARAGRAPH 1 → PARAGRAPH 2 → Note: → PARAGRAPH 2.1 → PHOTOS TAKEN DURING THE SURVEY:
M-114-2026 RK & Co. (International Fruit Pty. Ltd) Orange # SZLU5058040.pdf,M-114-2026,ORANGE,SURVEY,PARTICULARS → PARAGRAPH 1 → PARAGRAPH 2 → Note: → PARAGRAPH 2.1 → SURVEY FINDINGS IN GRAPH → SURVEY PHOTOGRAPHS:
M-117-24B Gajumal Mulchand 2 x Orange Containers # BMOU9304114 & FBIU5168490.pdf,M-117-24B,ORANGE,SURVEY,PARTICULARS → PARAGRAPH 1 → PARAGRAPH 2 → Note: → PARAGRAPH 2.1 → SURVEY PHOTOGRAPHS:
M-124-24B Gajumal Mulchand # CGMU5244975 & SZLU9191282 - Orange.pdf,M-124-24B,ORANGE,SURVEY,PARTICULARS → PARAGRAPH 1 → PARAGRAPH 2 → Note: → PARAGRAPH 2.1 → SURVEY PHOTOGRAPHS:
M-128-2025 Reliance Retail Ltd - Orange Container No. OTPU6371355.pdf,M-128-2025,ORANGE,SURVEY,PARTICULARS → PARAGRAPH 1 → PARAGRAPH 2 → PARAGRAPH 2.1 → SURVEY FINDINGS IN GRAPH → SURVEY PHOTOGRAPHS:
M-129-2025 Gyan Fruit Company - Orange Container # MNBU4019013.pdf,M-129-2025,ORANGE,SURVEY,PARTICULARS → PARAGRAPH 1 → PARAGRAPH 2 → PARAGRAPH 2.1 → SURVEY FINDINGS IN GRAPH → SURVEY PHOTOGRAPHS:
M-132-2025 Gyan Fruit Orange Container No. ONEU9089675.pdf,M-132-2025,ORANGE,SURVEY,PARTICULARS → PARAGRAPH 1 → PARAGRAPH 2 → PARAGRAPH 2.1 → SURVEY FINDINGS IN GRAPH → SURVEY PHOTOGRAPHS:
M-135-2025 - NGK Trading Company Pvt.Ltd - Orange Container No. MEDU9180821.pdf,M-135-2025,ORANGE,SURVEY,PARTICULARS → PARAGRAPH 1 → PARAGRAPH 2 → PARAGRAPH 2.1 → SURVEY PHOTOGRAPHS:
M-136-2025 - NGK Trading Company Pvt.Ltd - Orange Container No. OTPU6509172.pdf,M-136-2025,ORANGE,SURVEY,PARTICULARS → PARAGRAPH 1 → PARAGRAPH 2 → PARAGRAPH 2.1 → SURVEY FINDINGS IN GRAPH → SURVEY PHOTOGRAPHS:
M-138-2025 NGK Trading Company Pvt.Ltd - Orange Container No. SEGU9629077.pdf,M-138-2025,ORANGE,SURVEY,PARTICULARS → PARAGRAPH 1 → PARAGRAPH 2 → PARAGRAPH 2.1 → SURVEY PHOTOGRAPHS:
M-139-2025 NGK Trading Company Pvt.Ltd - Orange Container No. SZLU9260948.pdf,M-139-2025,ORANGE,SURVEY,PARTICULARS → PARAGRAPH 1 → PARAGRAPH 2 → PARAGRAPH 2.1 → SURVEY FINDINGS IN GRAPH → SURVEY PHOTOGRAPHS:
M-140-2025 NGK Trading Company Pvt.Ltd - Orange Container No. SEGU9456650.pdf,M-140-2025,ORANGE,SURVEY,PARTICULARS → PARAGRAPH 1 → PARAGRAPH 2 → PARAGRAPH 2.1 → SURVEY PHOTOGRAPHS:
M-144-2025 Archana Enterprise Orange Container No. HLBU9067144.pdf,M-144-2025,ORANGE,SURVEY,PARTICULARS → PARAGRAPH 1 → PARAGRAPH 2 → PARAGRAPH 2.1 → SURVEY PHOTOGRAPHS:
M-145-2025 Archana Enterprise Orange Container No. HLBU9411028.pdf,M-145-2025,ORANGE,SURVEY,PARTICULARS → PARAGRAPH 1 → PARAGRAPH 2 → PARAGRAPH 2.1 → SURVEY PHOTOGRAPHS:
M-146-2025 Gajumal Mulchand Orange Container No. CGMU5803836 (Bangalore).pdf,M-146-2025,ORANGE,SURVEY,PARTICULARS → PARAGRAPH 1 → PARAGRAPH 2 → PARAGRAPH 2.1 → SURVEY PHOTOGRAPHS:
M-147-2025 Gajumal Mulchand Orange Container No. TTNU8888473 (Bangalore).pdf,M-147-2025,ORANGE,SURVEY,PARTICULARS → PARAGRAPH 1 → PARAGRAPH 2 → PARAGRAPH 2.1 → SURVEY PHOTOGRAPHS:
M-149-2025 - NGK Trading Orange Container No. CGMU5734458.pdf,M-149-2025,ORANGE,SURVEY,PARTICULARS → PARAGRAPH 1 → PARAGRAPH 2 → PARAGRAPH 2.1 → SURVEY FINDINGS IN GRAPH → SURVEY PHOTOGRAPHS:
M-153-2025 Archana Enterprise Orange 2 Container Nos. OTPU6343688 & CGMU6578869.pdf,M-153-2025,ORANGE,SURVEY,PARTICULARS → PARAGRAPH 1 → PARAGRAPH 2 → PARAGRAPH 2.1 → SURVEY FINDINGS IN GRAPH → SURVEY PHOTOGRAPHS:
M-168-2025 NGK Trading Orange Container No. OTPU6058274.pdf,M-168-2025,ORANGE,SURVEY,PARTICULARS → PARAGRAPH 1 → PARAGRAPH 2 → PARAGRAPH 2.1 → SURVEY FINDINGS IN GRAPH → SURVEY PHOTOGRAPHS:
M-169-2025 NGK Trading Orange Container No. TEMU9315750.pdf,M-169-2025,ORANGE,SURVEY,PARTICULARS → PARAGRAPH 1 → PARAGRAPH 2 → PARAGRAPH 2.1 → SURVEY FINDINGS IN GRAPH → SURVEY PHOTOGRAPHS:
M-171-2025 Gyan Fruit Orange Container No. MMAU1030581.pdf,M-171-2025,ORANGE,SURVEY,PARTICULARS → PARAGRAPH 1 → PARAGRAPH 2 → PARAGRAPH 2.1 → SURVEY FINDINGS IN GRAPH → SURVEY PHOTOGRAPHS:
M-175-2025 Gyan Fruit Orange Container No. TTNU8144363.pdf,M-175-2025,ORANGE,SURVEY,PARTICULARS → PARAGRAPH 1 → PARAGRAPH 2 → PARAGRAPH 2.1 → SURVEY FINDINGS IN GRAPH → SURVEY PHOTOGRAPHS:
M-179-2025 Sarlachem India 2 Orange Container Nos. MEDU9077238 & TRIU8786413.pdf,M-179-2025,ORANGE,SURVEY,PARTICULARS → PARAGRAPH 1 → PARAGRAPH 2 → PARAGRAPH 2.1 → SURVEY FINDINGS IN GRAPH # MEDU9077238 → SURVEY PHOTOGRAPHS:
M-180-2025 Shri Blaji Fruits Orange Container No. MNBU0262982.pdf,M-180-2025,ORANGE,SURVEY,PARTICULARS → PARAGRAPH 1 → PARAGRAPH 2 → PARAGRAPH 2.1 → SURVEY FINDINGS IN GRAPH → SURVEY PHOTOGRAPHS:
M-181-2025 Sarlachem India Orange Container No. MEDU9746225.pdf,M-181-2025,ORANGE,SURVEY,PARTICULARS → PARAGRAPH 1 → PARAGRAPH 2 → PARAGRAPH 2.1 → SURVEY FINDINGS IN GRAPH → SURVEY PHOTOGRAPHS:
M-246-2025 Reliance Retail Ltd - Orange & Mandarin Container No. SEGU9732043.pdf,M-246-2025,ORANGE,SURVEY,PARTICULARS → PARAGRAPH 1 → PARAGRAPH 2 → PARAGRAPH 2.1 → SURVEY FINDINGS IN GRAPH → SURVEY PHOTOGRAPHS:
M-25-2025 Fresh Fruit Alliances - Orange Container No. OOLU6298538.pdf,M-25-2025,ORANGE,SURVEY,PARTICULARS → PARAGRAPH 1 → PARAGRAPH 2 → Note: → PARAGRAPH 2.1 → SURVEY PHOTOGRAPHS:
M-257-2025 Reliance Retail Orange & Mandarin Container No. ONLU8002983.pdf,M-257-2025,ORANGE,SURVEY,PARTICULARS → PARAGRAPH 1 → PARAGRAPH 2 → PARAGRAPH 2.1 → SURVEY FINDINGS IN GRAPH → SURVEY PHOTOGRAPHS:
M-30-2026 Reliance Retail (Agromoon for Import & Export) Orange Container No. TRKU1100323.pdf,M-30-2026,ORANGE,SURVEY,PARTICULARS → PARAGRAPH 1 → PARAGRAPH 2 → PARAGRAPH 2.1 → SURVEY FINDINGS IN GRAPH → SURVEY PHOTOGRAPHS:
M-33-2025 Gyan Fruit Company - Orange Container # SEGU9378367.pdf,M-33-2025,ORANGE,SURVEY,PARTICULARS → PARAGRAPH 1 → PARAGRAPH 2 → Note: → PARAGRAPH 2.1 → SURVEY PHOTOGRAPHS:
M-53-24B Aayush Impex - Orange Container No. CGMU5576861.pdf,M-53-24B,ORANGE,SURVEY,PARTICULARS → Note: → CONDITION FOUND OF ORANGE FRUITS:
M-54-24B Aayush Impex  - Orange Container No. AMCU9392142.pdf,M-54-24B,ORANGE,SURVEY,PARTICULARS → Note: → CONDITION FOUND OF ORANGE FRUITS:
M-62-24B Reliance Retail Ltd Orange Container No. CGMU5575654.pdf,M-62-24B,ORANGE,SURVEY,PARTICULARS → PARAGRAPH 1 → PARAGRAPH 2 → Note: → PARAGRAPH 2.1 → SURVEY PHOTOGRAPHS:
M-68-2026 NGK Trading (Nile Establishment For International Trade Egypt) Orange Container No. HLBU9336475.pdf,M-68-2026,ORANGE,SURVEY,PARTICULARS → PARAGRAPH 1 → PARAGRAPH 2 → PARAGRAPH 2.1 → SURVEY FINDINGS IN GRAPH → SURVEY PHOTOGRAPHS:
M-70-2026 Gajumal Mulchand (Citrus Agro For Packing) Orange Container No. ARKU5000935.pdf,M-70-2026,ORANGE,SURVEY,PARTICULARS → PARAGRAPH 1 → PARAGRAPH 2 → Note: → PARAGRAPH 2.1 → SURVEY FINDINGS IN GRAPH → SURVEY PHOTOGRAPHS:
M-79-2026 Reliance Retail Ltd (Green Egypt Co.) Orange Container No. MNBU9042567.pdf,M-79-2026,ORANGE,SURVEY,PARTICULARS → PARAGRAPH 1 → PARAGRAPH 2 → PARAGRAPH 2.1 → SURVEY FINDINGS IN GRAPH → SURVEY PHOTOGRAPHS:
M-89-2026 RK & Co. (Agro City Import & Export) Orange # ARKU5020124.pdf,M-89-2026,ORANGE,SURVEY,PARTICULARS → PARAGRAPH 1 → PARAGRAPH 2 → Note: → PARAGRAPH 2.1 → SURVEY FINDINGS IN GRAPH → SURVEY PHOTOGRAPHS:
M-90-2026 AG International (AL Karma Foods) Orange # SZLU5022685.pdf,M-90-2026,ORANGE,SURVEY,PARTICULARS → PARAGRAPH 1 → PARAGRAPH 2 → Note: → PARAGRAPH 2.1 → SURVEY FINDINGS IN GRAPH → SURVEY PHOTOGRAPHS:
M-95-2026 RK & Co. (AL Sadat Global for Import and Export) Orange # OSKU9850173.pdf,M-95-2026,ORANGE,SURVEY,PARTICULARS → PARAGRAPH 1 → PARAGRAPH 2 → PARAGRAPH 2.1 → SURVEY FINDINGS IN GRAPH → Note:
M-98-2026 Sunmoon Int. (Gauda For Agricultural) Oranges 2 # HLBU9537485 & SEGU9450672.pdf,M-98-2026,ORANGE,SURVEY,PARTICULARS → PARAGRAPH 1 → PARAGRAPH 2 → Note: → PARAGRAPH 2.1 → SURVEY FINDINGS IN GRAPH → SURVEY PHOTOGRAPHS:
MCAPL-009-24B HGS International - 3 Containers Oranges.pdf,MCAPL-009-24B,ORANGE,SURVEY,PARTICULARS → Note: → CONDITION FOUND OF ORANGE FRUITS:
MCAPL-015-24B Reliance Retail Ltd - 1 Container (Oranges).pdf,MCAPL-015-24B,ORANGE,SURVEY,PARTICULARS → PARAGRAPH 1 → PARAGRAPH 2 → PARAGRAPH 2.1 → SURVEY PHOTOGRAPHS:
MCAPL-38-24B Reliance Retail Ltd - (AMCU9305889 - Mandarin & Orange).pdf,MCAPL-38-24B,ORANGE,SURVEY,PARTICULARS → PARAGRAPH 1 → PARAGRAPH 2 → Note: → PARAGRAPH 2.1 → SURVEY PHOTOGRAPHS:
M-145-2026 JB Exports (CapeSpan South Africa) # Pear TTNU8823430.pdf,M-145-2026,PEAR,SURVEY,PARTICULARS → PARAGRAPH 1 → PARAGRAPH 2 → NOTE: → PARAGRAPH 2.1 → THE CONDITION FOUND OF PEAR FRUITS: → SURVEY PHOTOGRAPHS:
M-146-2026 JB Exports (CapeSpan South Africa) # Pear MNBU4365926.pdf,M-146-2026,PEAR,SURVEY,PARTICULARS → PARAGRAPH 1 → PARAGRAPH 2 → NOTE: → PARAGRAPH 2.1 → THE CONDITION FOUND OF PEAR FRUITS: → SURVEY PHOTOGRAPHS:
M-150-2025 HGS International Pear Container No. ONEU9147811.pdf,M-150-2025,PEAR,SURVEY,PARTICULARS → PARAGRAPH 1 → PARAGRAPH 2 → NOTE: → PARAGRAPH 2.1 → THE CONDITION FOUND OF PEAR FRUITS: → SURVEY PHOTOGRAPHS:
M-154-2025 Gyan Fruit Pear Container No. MNBU4623553.pdf,M-154-2025,PEAR,SURVEY,PARTICULARS → PARAGRAPH 1 → PARAGRAPH 2 → NOTE: → PARAGRAPH 2.1 → THE CONDITION FOUND OF PEAR FRUITS: → SURVEY PHOTOGRAPHS:
M-155-2025 NGK Trading Pear Container No. MNBU3482173.pdf,M-155-2025,PEAR,SURVEY,PARTICULARS → PARAGRAPH 1 → PARAGRAPH 2 → NOTE: → PARAGRAPH 2.1 → THE CONDITION FOUND OF PEAR FRUITS: → SURVEY PHOTOGRAPHS:
M-16-2026 Reliance Retail (Core Fruit (Pty) Ltd) Pear Container No. MNBU4213543.pdf,M-16-2026,PEAR,SURVEY,PARTICULARS → PARAGRAPH 1 → PARAGRAPH 2 → NOTE: → PARAGRAPH 2.1 → THE CONDITION FOUND OF PEAR FRUITS: → SURVEY PHOTOGRAPHS:
M-163-2025 Reliance Pear Container No. MNBU3911299.pdf,M-163-2025,PEAR,SURVEY,PARTICULARS → PARAGRAPH 1 → PARAGRAPH 2 → NOTE: → PARAGRAPH 2.1 → THE CONDITION FOUND OF PEAR FRUITS: → SURVEY PHOTOGRAPHS:
M-166-2025 Gyan Fruit Pear Container No. SEKU9071267.pdf,M-166-2025,PEAR,SURVEY,PARTICULARS → PARAGRAPH 1 → PARAGRAPH 2 → NOTE: → PARAGRAPH 2.1 → THE CONDITION FOUND OF PEAR FRUITS: → Note: Entire shipment was found discoloured / yellowish. → SURVEY PHOTOGRAPHS:
M-167-2025 NGK Trading Pear Container No. MNBU4107161.pdf,M-167-2025,PEAR,SURVEY,PARTICULARS → PARAGRAPH 1 → PARAGRAPH 2 → NOTE: → PARAGRAPH 2.1 → THE CONDITION FOUND OF PEAR FRUITS: → SURVEY PHOTOGRAPHS:
M-174-2025 Reliance Pear Container No. MNBU0513244.pdf,M-174-2025,PEAR,SURVEY,PARTICULARS → PARAGRAPH 1 → PARAGRAPH 2 → NOTE: → PARAGRAPH 2.1 → THE CONDITION FOUND OF PEAR FRUITS: → SURVEY PHOTOGRAPHS:
M-176-2025 Aashima Impex Pear Container Nos. SEKU9069104 & TTNU8096938.pdf,M-176-2025,PEAR,SURVEY,PARTICULARS → PARAGRAPH 1 → PARAGRAPH 2 → NOTE: → PARAGRAPH 2.1 → THE CONDITION FOUND OF PEAR FRUITS: → SURVEY PHOTOGRAPHS:
M-178-2025 NGK Trading Pear Container No. MNBU4302743.pdf,M-178-2025,PEAR,SURVEY,PARTICULARS → PARAGRAPH 1 → PARAGRAPH 2 → NOTE: → PARAGRAPH 2.1 → THE CONDITION FOUND OF PEAR FRUITS: → SURVEY PHOTOGRAPHS:
M-194-2025 NGK Trading Pear Container No. MNBU3582531.pdf,M-194-2025,PEAR,SURVEY,PARTICULARS → PARAGRAPH 1 → PARAGRAPH 2 → NOTE: → PARAGRAPH 2.1 → THE CONDITION FOUND OF PEAR FRUITS: → SURVEY PHOTOGRAPHS:
M-196-2025 Reliance Retails Ltd - Pear Container No. MNBU0305549.pdf,M-196-2025,PEAR,SURVEY,PARTICULARS → PARAGRAPH 1 → PARAGRAPH 2 → NOTE: → PARAGRAPH 2.1 → THE CONDITION FOUND OF PEAR FRUITS: → SURVEY PHOTOGRAPHS:
M-203-2025 Gajumal Mulchand Pear Container No. EGSU5064133.pdf,M-203-2025,PEAR,SURVEY,PARTICULARS → PARAGRAPH 1 → PARAGRAPH 2 → NOTE: → PARAGRAPH 2.1 → THE CONDITION FOUND OF PEAR FRUITS: → SURVEY PHOTOGRAPHS:
M-204-2025 Oxford Fruit Pear Container No. OERU4024102.pdf,M-204-2025,PEAR,SURVEY,PARTICULARS → PARAGRAPH 1 → PARAGRAPH 2 → NOTE: → PARAGRAPH 2.1 → THE CONDITION FOUND OF PEAR FRUITS: → SURVEY PHOTOGRAPHS:
M-217-2025 NGK Trading Pear Container No. OOLU6487193.pdf,M-217-2025,PEAR,SURVEY,PARTICULARS → PARAGRAPH 1 → PARAGRAPH 2 → PARAGRAPH 2.1 → THE CONDITION FOUND OF PEAR FRUITS: → SURVEY PHOTOGRAPHS:
M-218-2025 Gajumal Mulchand Pear Container No. EGSU5063902.pdf,M-218-2025,PEAR,SURVEY,PARTICULARS → PARAGRAPH 1 → PARAGRAPH 2 → NOTE: → PARAGRAPH 2.1 → THE CONDITION FOUND OF PEAR FRUITS: → SURVEY PHOTOGRAPHS:
M-261-2025 Fresh Fruit Alliances Pear Container Nos. FBIU5692208 & FBIU5720660.pdf,M-261-2025,PEAR,SURVEY,PARTICULARS → PARAGRAPH 1 → PARAGRAPH 2 → PARAGRAPH 2.1 → SURVEY PHOTOGRAPHS:
M-33-2026 Archana Enterprises (Zest Fruit (PTY) Ltd) Pear Container No. TTNU8138735.pdf,M-33-2026,PEAR,SURVEY,PARTICULARS → PARAGRAPH 1 → PARAGRAPH 2 → PARAGRAPH 2.1 → THE CONDITION FOUND OF PEAR FRUITS: → SURVEY PHOTOGRAPHS:
M-34-2025 Reliance Retails Pear - Container No. SEGU9654531.pdf,M-34-2025,PEAR,SURVEY,PARTICULARS → PARAGRAPH 1 → PARAGRAPH 2 → NOTE: → PARAGRAPH 2.1 → SURVEY PHOTOGRAPHS:
M-41-2026 NGK Fruits (GF Marketing Pty.Ltd) Pear Container No. OTPU6259113.pdf,M-41-2026,PEAR,SURVEY,PARTICULARS → PARAGRAPH 1 → PARAGRAPH 2 → PARAGRAPH 2.1 → THE CONDITION FOUND OF PEAR FRUITS: → SURVEY PHOTOGRAPHS:
M-42-2026 NGK Fruits (GF Marketing Pty.Ltd) Pear Container No. CAIU5672463.pdf,M-42-2026,PEAR,SURVEY,PARTICULARS → PARAGRAPH 1 → PARAGRAPH 2 → PARAGRAPH 2.1 → THE CONDITION FOUND OF PEAR FRUITS: → SURVEY PHOTOGRAPHS:
M-46-2026 Fresh Fruit Alliances (Fruitways Marketing (Pty) Ltd) Pear Fruit Container No. ONEU9214226.pdf,M-46-2026,PEAR,SURVEY,PARTICULARS → PARAGRAPH 1 → PARAGRAPH 2 → PARAGRAPH 2.1 → THE CONDITION FOUND OF PEAR FRUITS: → SURVEY PHOTOGRAPHS:
"M-57-24B Reliance Retail Ltd - (3 x Pear Container Nos. MNBU4179388, MNBU00470374 & MNBU0363289).pdf",M-57-24B,PEAR,SURVEY,PARTICULARS → PARAGRAPH 1 → PARAGRAPH 2.1 → SURVEY PHOTOGRAPHS:
M-59-24B NGK Trading - (Pear Container No. MNBU0563780.pdf,M-59-24B,PEAR,SURVEY,PARTICULARS → PARAGRAPH 1 → PARAGRAPH 2 → PARAGRAPH 2.1 → SURVEY PHOTOGRAPHS:
M-60-24B NGK Trading - (Pear Container No. MNBU0381889.pdf,M-60-24B,PEAR,SURVEY,PARTICULARS → PARAGRAPH 1 → PARAGRAPH 2 → PARAGRAPH 2.1 → SURVEY PHOTOGRAPHS:
M-61-24B NGK Trading - Pear Container No. MNBU3640432.pdf,M-61-24B,PEAR,SURVEY,PARTICULARS → PARAGRAPH 1 → PARAGRAPH 2 → PARAGRAPH 2.1 → SURVEY PHOTOGRAPHS:
M-66-2025 Reliance Retail Ltd - Pear Container No. MNBU3921358.pdf,M-66-2025,PEAR,SURVEY,PARTICULARS → PARAGRAPH 1 → PARAGRAPH 2 → NOTE: → PARAGRAPH 2.1 → THE CONDITION FOUND OF PEAR FRUITS: → SURVEY PHOTOGRAPHS:
M-75-2026 Reliance Retail Ltd (Capespan South Africa (PTY) Ltd) Pear Container No. FSCU5735569.pdf,M-75-2026,PEAR,SURVEY,PARTICULARS → PARAGRAPH 1 → PARAGRAPH 2 → NOTE: → PARAGRAPH 2.1 → THE CONDITION FOUND OF PEAR FRUITS: → SURVEY PHOTOGRAPHS:
M-80-2026 NGK Trading (TYT Export SA) Pear Container No. PCIU6143360.pdf,M-80-2026,PEAR,SURVEY,PARTICULARS → PARAGRAPH 1 → PARAGRAPH 2 → Note: → PARAGRAPH 2.1 → THE CONDITION FOUND OF PEAR FRUITS: → SURVEY PHOTOGRAPHS:
M-85-2025 Reliance Retail - Pear Container No. MNBU3542842.pdf,M-85-2025,PEAR,SURVEY,PARTICULARS → PARAGRAPH 1 → PARAGRAPH 2 → NOTE: → PARAGRAPH 2.1 → THE CONDITION FOUND OF PEAR FRUITS: → SURVEY PHOTOGRAPHS:
M-90-2025 Reliance Retail - Pear Container No. MNBU3550072.pdf,M-90-2025,PEAR,SURVEY,PARTICULARS → PARAGRAPH 1 → PARAGRAPH 2 → NOTE: → PARAGRAPH 2.1 → THE CONDITION FOUND OF PEAR FRUITS: → SURVEY PHOTOGRAPHS:
MCAPL-019-24B RB Impex (Apple & Pear)  Typos Revised.pdf,MCAPL-019-24B,PEAR,SURVEY,PARTICULARS → PARAGRAPH 1 → PARAGRAPH 2 → NOTE: → PARAGRAPH 2.1
MCAPL-37-24B Reliance Retail Ltd - (MNBU3410050 - Pear).pdf,MCAPL-37-24B,PEAR,SURVEY,PARTICULARS → PARAGRAPH 1 → PARAGRAPH 2 → NOTE: → PARAGRAPH 2.1 → SURVEY PHOTOGRAPHS:
M-102-2025 Pawanai Ventures - Plum Container No. SEGU 9979141.doc,M-102-2025,PLUM,SURVEY,PARTICULARS → PARAGRAPH 1 → PARAGRAPH 2 → NOTE: → PARAGRAPH 2.1 → SURVEY PHOTOGRAPHS: → PARAGRAPH 3 → PARAGRAPH 4 → PARAGRAPH 5
M-102-2025 Pawanai Ventures - Plum Container No. SEGU 9979141.pdf,M-102-2025,PLUM,SURVEY,PARTICULARS → PARAGRAPH 1 → PARAGRAPH 2 → NOTE: → PARAGRAPH 2.1 → SURVEY PHOTOGRAPHS:
M-102-2025 Pawanai Ventures - Plum Container No. SEGU9979141.pdf,M-102-2025,PLUM,SURVEY,PARTICULARS → PARAGRAPH 1 → PARAGRAPH 2 → NOTE: → PARAGRAPH 2.1 → SURVEY PHOTOGRAPHS:
M-104-24B Parivid Impex International - Fresh Plums Container No. TEMU9834550.pdf,M-104-24B,PLUM,SURVEY,PARTICULARS → PARAGRAPH 1 → PARAGRAPH 2 → PARAGRAPH 2.1 → SURVEY PHOTOGRAPHS:
M-112-2025 Gajumal Mulchand Plum Container No. OOLU6501305 - (Bangalore).pdf,M-112-2025,PLUM,SURVEY,PARTICULARS → PARAGRAPH 1 → PARAGRAPH 2 → PARAGRAPH 2.1 → SURVEY PHOTOGRAPHS:
M-115-2026 Gajumal Mulchand (Fruitceo) Plums # OTPU6901500 & SEGU9749405 Bangalore.pdf,M-115-2026,PLUM,SURVEY,PARTICULARS → PARAGRAPH 1 → PARAGRAPH 2 → NOTE: → PARAGRAPH 2.1 → SURVEY PHOTOGRAPHS:
M-117-2026 Gajumal Mulchand (Qinglan Fruits) Plums # EMCU5982546.pdf,M-117-2026,PLUM,SURVEY,PARTICULARS → PARAGRAPH 1 → PARAGRAPH 2 → NOTE: → PARAGRAPH 2.1 → SURVEY PHOTOGRAPHS:
M-136-2026 Gajumal Mulchand (Qinglan Fruits) # Plum SZLU9756645 - Tamil Nadu.pdf,M-136-2026,PLUM,SURVEY,PARTICULARS → PARAGRAPH 1 → PARAGRAPH 2 → NOTE: → PARAGRAPH 2.1 → SURVEY PHOTOGRAPHS:
M-138-2026 SSB Overseas (Qinglan Fruits) # Plum EMCU5986270.pdf,M-138-2026,PLUM,SURVEY,PARTICULARS → PARAGRAPH 1 → PARAGRAPH 2 → NOTE: → PARAGRAPH 2.1 → SURVEY PHOTOGRAPHS:
M-139-2026 SSB Overseas - (Qinglan Fruits) # Plum EMCU5558630.pdf,M-139-2026,PLUM,SURVEY,PARTICULARS → PARAGRAPH 1 → PARAGRAPH 2 → NOTE: → PARAGRAPH 2.1 → SURVEY PHOTOGRAPHS:
M-140-2026 SSB Overseas - (Qinglan Fruits) # Plum EMCU5985530.pdf,M-140-2026,PLUM,SURVEY,PARTICULARS → PARAGRAPH 1 → PARAGRAPH 2 → NOTE: → PARAGRAPH 2.1 → SURVEY PHOTOGRAPHS:
M-141-2026 Gajumal Mulchand (Qinglan Fruits) # Plum EMCU5656581.pdf,M-141-2026,PLUM,SURVEY,PARTICULARS → PARAGRAPH 1 → PARAGRAPH 2 → NOTE: → PARAGRAPH 2.1 → SURVEY PHOTOGRAPHS:
M-143-2026 Gajumal Mulchand (Qinglan Fruits) # Plum FSCU5968072 - Tamil Nadu.pdf,M-143-2026,PLUM,SURVEY,PARTICULARS → PARAGRAPH 1 → PARAGRAPH 2 → NOTE: → PARAGRAPH 2.1 → SURVEY PHOTOGRAPHS:
M-144-2026 Gajumal Mulchand (Qinglan Fruits) # Plum TSTU8523120 & TSTU8535326 - Tamil Nadu.pdf,M-144-2026,PLUM,SURVEY,PARTICULARS → PARAGRAPH 1 → PARAGRAPH 2 → NOTE: → PARAGRAPH 2.1 → SURVEY PHOTOGRAPHS:
M-184-2025 Yunnan Lantuo Plum Container No. FBIU5605857.pdf,M-184-2025,PLUM,SURVEY,PARTICULARS → PARAGRAPH 1 → PARAGRAPH 2 → PARAGRAPH 2.1 → SURVEY FINDINGS IN GRAPH → SURVEY PHOTOGRAPHS
M-205-2025 Anusaya Fresh Plum Container No. ONEU9274415.pdf,M-205-2025,PLUM,SURVEY,PARTICULARS → PARAGRAPH 1 → PARAGRAPH 2 → Note: → PARAGRAPH 2.1 → SURVEY PHOTOGRAPHS:
M-21-2026 NGK Trading (Freshness First (Pty) Ltd Plum Container No. MNBU3926278.pdf,M-21-2026,PLUM,SURVEY,PARTICULARS → PARAGRAPH 1 → PARAGRAPH 2 → NOTE: → PARAGRAPH 2.1 → SURVEY PHOTOGRAPHS:
M-214-2025 Fresh Fruit Alliances Plum Cointainer No. ONEU9426755.pdf,M-214-2025,PLUM,SURVEY,PARTICULARS → PARAGRAPH 1 → PARAGRAPH 2 → Note: → PARAGRAPH 2.1 → SURVEY PHOTOGRAPHS:
M-243-2025 Fresh Fruit Alliances Plum Cointainer No. CGMU5387446.pdf,M-243-2025,PLUM,SURVEY,PARTICULARS → PARAGRAPH 1 → PARAGRAPH 2 → Note: → PARAGRAPH 2.1 → SURVEY PHOTOGRAPHS:
M-32-2026 NGK Trading (Exportadora Del Sur S.A) Plum Container No. YMLU5489665.pdf,M-32-2026,PLUM,SURVEY,PARTICULARS → PARAGRAPH 1 → PARAGRAPH 2 → NOTE: → PARAGRAPH 2.1 → SURVEY PHOTOGRAPHS:
M-80-24B NGK Trading - Plum Container No. SUDU8178301.pdf,M-80-24B,PLUM,SURVEY,PARTICULARS → PARAGRAPH 1 → PARAGRAPH 2 → NOTE: → PARAGRAPH 2.1 → SURVEY PHOTOGRAPHS:
M-85-24B NGK Trading - Plum Container No. MNBU9176587.pdf,M-85-24B,PLUM,SURVEY,PARTICULARS → PARAGRAPH 1 → PARAGRAPH 2 → NOTE: → PARAGRAPH 2.1 → SURVEY PHOTOGRAPHS:
M-92-24B NGK Trading - Plum Container No. MNBU3907180.pdf,M-92-24B,PLUM,SURVEY,PARTICULARS → PARAGRAPH 1 → PARAGRAPH 2 → NOTE: → PARAGRAPH 2.1 → SURVEY PHOTOGRAPHS:
MCAPL-31-24B Gajumal Mulchand - (TEMU9322699 - Plum).pdf,MCAPL-31-24B,PLUM,SURVEY,PARTICULARS → PARAGRAPH 1 → PARAGRAPH 2 → PARAGRAPH 2.1
