filename,report_number,type,family,commodity,client,container_count,photo_count,page_count,date,content_hash
M-100-2026 FFA (Exportadora Manga Trading S.A) Apple # PCIU6143729 & PCIU6101889.pdf,M-100-2026,SURVEY,SURVEY_REPORT,APPLE,Fresh Fruit Alliances Private Limited,2,360,62,8 May 2026,618f2a492f2c52d2
M-103-2025 Reliance Retail Apple Container No. EMCU5520487.pdf,M-103-2025,SURVEY,SURVEY_REPORT,APPLE,Reliance Retail Ltd,1,34,12,3 July 2025,0bd5012092650404
M-108-2025 Reliance Retail - Apple Container No. EMCU5642459.pdf,M-108-2025,SURVEY,SURVEY_REPORT,APPLE,Reliance Retail Ltd,1,33,13,3 July 2025,8e0967a9be7f7e03
M-108-2026 Sardar Ji Impex House (Sanjo Coopertiva Agricola De Sao) # 5 Apple Containers.pdf,M-108-2026,SURVEY,SURVEY_REPORT,APPLE,Sardar Ji Impex House,5,782,130,8 May 2026,9a39f2cc64d561e3
M-109-2025 Reliance Retail - Apple Container No. CGMU6561254.pdf,M-109-2025,SURVEY,SURVEY_REPORT,APPLE,Reliance Retail Ltd,1,131,13,18 June 2025,5a17317f7184c3b3
M-109-2026 Sardar Ji Impex House (Sanjo Coopertiva Agricola De Sao) # 7 Apple Containers.pdf,M-109-2026,SURVEY,SURVEY_REPORT,APPLE,Sardar Ji Impex House,7,1113,177,16 May 2026,bc54e70e5f934293
M-11-2026 NGK Trading (GF Marketing Pty. Ltd) Apple Container No. MNBU4058880.pdf,M-11-2026,SURVEY,SURVEY_REPORT,APPLE,NGK Trading Company Pvt.Ltd,1,112,20,9 March 2026,80cd25c07153c676
M-111-2025 Anusaya Granny Apple Container No. MNBU4487689.pdf,M-111-2025,SURVEY,SURVEY_REPORT,APPLE,Anusaya Fresh India Pvt.Ltd,1,27,13,19 August 2025,2dfaca758fb5f865
M-112-2026 Sardar Ji Impex House (Sanjo Coopertiva Agricola De Sao) # 3 Apple Containers.pdf,M-112-2026,SURVEY,SURVEY_REPORT,APPLE,Sardar Ji Impex House,3,447,85,8 May 2026,850e8c227dcedd52
M-113-2025 Reliance Retail - Apple Container No. EMCU5378346.pdf,M-113-2025,SURVEY,SURVEY_REPORT,APPLE,Reliance Retail Ltd,1,38,12,12 July 2025,301174cc4677d06f
"M-116-2026 Reliance Retail (Vog Verband Der Suedtiroler, Italy) Apple # SEGU9019156.pdf",M-116-2026,SURVEY,SURVEY_REPORT,APPLE,Reliance Retail Limited,1,316,49,17 June 2026,846a0b41559ad378
M-117-2025 Vande Fresh Apple Container No. FSCU5929559.pdf,M-117-2025,SURVEY,SURVEY_REPORT,APPLE,Vande Fresh,1,41,13,10 July 2025,bfa1789821a0f7af
M-12-2026 NGK Trading (GF Marketing Pty. Ltd) Apple Container No. MNBU0293622.pdf,M-12-2026,SURVEY,SURVEY_REPORT,APPLE,NGK Trading Company Pvt.Ltd,1,118,22,7 March 2026,fd1a179d779bae90
M-124-2026 Avantgarde Fruit Traders LLP (GF Marketing Pty. Ltd) Apple # MNBU0294151 & MNBU3643540.pdf,M-124-2026,SURVEY,SURVEY_REPORT,APPLE,Avantgarde Fruit Traders LLP,2,262,45,12 July 2026,dc7f3bc3a8e5c8e6
M-125-2026 Avantgarde Fruit Traders LLP (GF Marketing) Apple # SEKU9135720.pdf,M-125-2026,SURVEY,SURVEY_REPORT,APPLE,Avantgarde Fruit Traders LLP,1,76,16,15 July 2026,c850198aeb49d7d8
M-13-2026 NGK Trading (GF Marketing Pty. Ltd) Apple Container No. MNBU3928856.pdf,M-13-2026,SURVEY,SURVEY_REPORT,APPLE,NGK Trading Company Pvt.Ltd,1,128,23,7 March 2026,a564135c73a45ce3
M-14-2026 NGK Trading (GF Marketing Pty.Ltd) Apple Container No. MNBU3535437.pdf,M-14-2026,SURVEY,SURVEY_REPORT,APPLE,NGK Trading Company Pvt.Ltd,1,114,21,7 March 2026,6cf6e140f9e31236
M-141-2025 Vande Fresh Apple Container No. TEMU9527343.pdf,M-141-2025,SURVEY,SURVEY_REPORT,APPLE,Vande Fresh,1,38,11,29 August 2025,55a06ae7cafa44d3
M-142-2025 Vande Fresh Apple Container Nos. TGHU9900232 & CRLU1231263.pdf,M-142-2025,SURVEY,SURVEY_REPORT,APPLE,Vande Fresh,2,174,18,30 August 2025,1a7cc5902028b293
M-143-2025 Vande Fresh Apple Container No. TRIU8041605.pdf,M-143-2025,SURVEY,SURVEY_REPORT,APPLE,Vande Fresh,1,29,10,29 August 2025,e7ea2ffac65c7c96
M-15-2026 Reliance Retail (VOG Societa Agricola Cooperativa) Apple Container No. CGMU5711787.pdf,M-15-2026,SURVEY,SURVEY_REPORT,APPLE,Reliance Retail Limited,1,200,33,4 March 2026,08c4b993e02acec0
M-151-2025 Reliance Apple Container No. EMCU5482915.pdf,M-151-2025,SURVEY,SURVEY_REPORT,APPLE,Reliance Retail Ltd,1,34,13,4 September 2025,1af7b1e66b435452
M-17-2026 Reliance Retail (Kiwi Crunch Exports Ltd) Apple Container No. TEMU9884103 - Suri.pdf,M-17-2026,SURVEY,SURVEY_REPORT,APPLE,5 TTC Industrial area,1,180,31,15 March 2026,565117673f54e196
M-170-2025 Reliance Apple Container No. EGSU5042216.pdf,M-170-2025,SURVEY,SURVEY_REPORT,APPLE,Reliance Retail Ltd,1,30,11,14 September 2025,6ee2a89dea4f9688
M-18-2026 Reliance Retail (Kiwi Crunch Exports Ltd) Apple Container No. FBIU5726186 - Taloja.pdf,M-18-2026,SURVEY,SURVEY_REPORT,APPLE,5 TTC Industrial area,1,156,26,9 March 2026,38c1eb00809f7940
M-187-2025 RB Impex Apple Container No. SZLU9525986.pdf,M-187-2025,SURVEY,SURVEY_REPORT,APPLE,R. B. Impex,1,35,11,24 November 2025,a3ed893c6c3bad68
M-188-2025 RB Impex Apple Container No. SEGU9060648.pdf,M-188-2025,SURVEY,SURVEY_REPORT,APPLE,R. B. Impex,1,32,11,26 November 2025,aa8d9d6b4ca7a985
M-19-2026 NGK Trading (GF Marketing Pty. Ltd) Apple Container No. MEDU9174048.pdf,M-19-2026,SURVEY,SURVEY_REPORT,APPLE,NGK Trading Company Pvt.Ltd,1,122,22,6 March 2026,75a8d2f24b4d138d
M-191-2025 Reliance Retail Apple Container No. OERU4093947.pdf,M-191-2025,SURVEY,SURVEY_REPORT,APPLE,Reliance Retail Ltd,1,44,13,22 October 2025,75b67eaccd30fd6e
M-197-2025 NGK Trading Apple Container No. TLLU1102723.pdf,M-197-2025,SURVEY,SURVEY_REPORT,APPLE,NGK Trading Company Pvt.Ltd,1,0,15,13 October 2025,fed9b74dffa0d93b
M-2-2026 Reliance Retail Ltd (VOG SOC. Agricola Coop) Apple Container No. OERU4100964.pdf,M-2-2026,SURVEY,SURVEY_REPORT,APPLE,Reliance Retail Limited,1,120,21,18 February 2026,84c792e1d97e0299
M-20-2026 Vande Fresh (S.R.L. LLV-Fruct -Export) Apple Container No. TRKU1101166.pdf,M-20-2026,SURVEY,SURVEY_REPORT,APPLE,D Wing,1,122,21,1 April 2026,f34606e11f5a725c
M-22-2025 Reliance Retails Apple - Container No. FSCU5352929.pdf,M-22-2025,SURVEY,SURVEY_REPORT,APPLE,Reliance Retail Ltd,1,38,10,16 March 2025,ef7b9667ac443681
M-22-2026 NGK Trading (GF Marketing Pty. Ltd) Apple Container No. MEDU9875536.pdf,M-22-2026,SURVEY,SURVEY_REPORT,APPLE,NGK Trading Company Pvt.Ltd,1,110,20,22 March 2026,d73c31626394be0d
M-23-2026 NGK Trading (GF Marketing Pty. Ltd) Apple Container No. OTPU6447532.pdf,M-23-2026,SURVEY,SURVEY_REPORT,APPLE,NGK Trading Company Pvt.Ltd,1,124,22,6 March 2026,0f183f39d52661a4
M-236-2025 Reliance Retail Apple Container No. SZLU9896740.pdf,M-236-2025,SURVEY,SURVEY_REPORT,APPLE,Reliance Retail Ltd,1,207,35,7 December 2025,f8e018a5aa6c96d4
M-24-2026 NGK Trading (GF Marketing Pty. Ltd) Apple Container No. SEGU9991830.pdf,M-24-2026,SURVEY,SURVEY_REPORT,APPLE,NGK Trading Company Pvt.Ltd,1,106,20,22 March 2026,a6b0a66096d40986
M-241-2025 Natal International Apple Container No. HLBU6235270 (Bangalore).pdf,M-241-2025,SURVEY,SURVEY_REPORT,APPLE,Natal International Private Limited,1,140,24,21 December 2025,cd0f923d54dbda71
M-248-2025 Reliance Retail Ltd Apple Container No. SEKU9257760.pdf,M-248-2025,SURVEY,SURVEY_REPORT,APPLE,Reliance Retail Ltd,1,214,35,10 January 2026,667dfb57846cbb82
M-249-2025 NGK Trading Apple Container No. EMCU5439924 .pdf,M-249-2025,SURVEY,SURVEY_REPORT,APPLE,NGK Trading Company Pvt.Ltd,1,162,29,29 December 2025,9061ac93e5b66108
M-25-2026 NGK Trading (GF Marketing Pty. Ltd) Apple Container No. MSDU9841019.pdf,M-25-2026,SURVEY,SURVEY_REPORT,APPLE,NGK Trading Company Pvt.Ltd,1,128,23,22 March 2026,ad2c90536091d972
M-250-2025 NGK Trading Apple Container No. EMCU5671009.pdf,M-250-2025,SURVEY,SURVEY_REPORT,APPLE,NGK Trading Company Pvt.Ltd,1,126,23,29 December 2025,046de96ebfd48816
M-252-2025 NGK Trading Apple Container No. EMCU5629586.pdf,M-252-2025,SURVEY,SURVEY_REPORT,APPLE,NGK Trading Company Pvt.Ltd,1,110,21,29 December 2025,adc5936a1ae93945
M-254-2025 Royalasia Marketing Apple Container No. SILU7001054.pdf,M-254-2025,SURVEY,SURVEY_REPORT,APPLE,Royalasia Marketing International,1,166,28,29 January 2026,29be08f538bc118d
M-255-2025 Reliance Retail Apple Container No. TEMU9239603.pdf,M-255-2025,SURVEY,SURVEY_REPORT,APPLE,Reliance Retail Ltd,1,170,29,28 December 2025,595791ad1b8546a2
M-256-2025 Reliance Retail Apple Container No. CGMU9380347.pdf,M-256-2025,SURVEY,SURVEY_REPORT,APPLE,Reliance Retail Ltd,1,190,31,25 January 2026,36c187ecd977b8dd
M-258-2025 NGK Trading Apple Container No. EGSU5063501.pdf,M-258-2025,SURVEY,SURVEY_REPORT,APPLE,NGK Trading Company Pvt.Ltd,1,200,34,15 January 2026,61e5cd525fd9d94e
M-262-2025 Reliance Retail Ltd Apple Container No. CGMU9331316.pdf,M-262-2025,SURVEY,SURVEY_REPORT,APPLE,Reliance Retail Ltd,1,130,23,11 February 2026,f86e3ac02d0c1167
M-263-2025 Archana Enterprises Apple Container No. CXRU1582745.pdf,M-263-2025,SURVEY,SURVEY_REPORT,APPLE,Archana Enterprises,1,198,33,1 February 2026,918605e084ca9113
M-269-2025 Reliance Retail (Domex Superfresh) Apple Container No. EMCU5591731.pdf,M-269-2025,SURVEY,SURVEY_REPORT,APPLE,Reliance Retail Ltd,1,150,26,14 February 2026,d6ffab7c034535bd
M-27-2026 NGK Trading (GF Marketing Pty. Ltd) Apple Container No. SEGU9997438.pdf,M-27-2026,SURVEY,SURVEY_REPORT,APPLE,NGK Trading Company Pvt.Ltd,1,110,19,22 March 2026,f7f987643d4b8bec
M-270-2025 NGK Trading Apple & Pear Container No. INBU3865207.pdf,M-270-2025,SURVEY,SURVEY_REPORT,APPLE,NGK Trading Company Pvt.Ltd,1,176,31,20 February 2026,ebb122a6baa0dd28
M-271-2025 NGK Trading Apple Container No. INBU4639267.pdf,M-271-2025,SURVEY,SURVEY_REPORT,APPLE,NGK Trading Company Pvt.Ltd,1,108,20,20 February 2026,8eb236d83def88de
M-272-2025 NGK Trading Apple Container No. INBU9158916.pdf,M-272-2025,SURVEY,SURVEY_REPORT,APPLE,NGK Trading Company Pvt.Ltd,1,176,13,20 February 2026,005578cddb225a1a
M-273-2025 NGK Trading Apple Container No. MNBU0211326.pdf,M-273-2025,SURVEY,SURVEY_REPORT,APPLE,NGK Trading Company Pvt.Ltd,1,110,20,20 February 2026,10942c60f4eeb975
M-274-2025 NGK Trading Apple Container No. CGMU9335266.pdf,M-274-2025,SURVEY,SURVEY_REPORT,APPLE,NGK Trading Company Pvt.Ltd,1,90,17,20 February 2026,9df23c83d67136cb
M-275-2025 NGK Trading Apple Contaier No. MNBU4669934.pdf,M-275-2025,SURVEY,SURVEY_REPORT,APPLE,NGK Trading Company Pvt.Ltd,1,138,24,20 February 2026,2ec9a5053968b642
M-28-2025 Gajumal Mulchand - Apple Container No. CGMU6914921 - Revised.pdf,M-28-2025,SURVEY,SURVEY_REPORT,APPLE,No.24 New Fruit Market,1,133,16,9 April 2025,28b1a3e61ca25b11
M-28-2026 NGK Trading (TYT Export S.A) Apple Container No. SEKU9078322.pdf,M-28-2026,SURVEY,SURVEY_REPORT,APPLE,NGK Trading Company Pvt.Ltd,1,106,19,27 February 2026,5649b38ef47216a3
M-29-2026 NGK Trading (TYT Export S.A) Apple Container No. SEKU9111462.pdf,M-29-2026,SURVEY,SURVEY_REPORT,APPLE,NGK Trading Company Pvt.Ltd,1,100,18,27 February 2026,f3ec481ae87f8a4c
M-31-2026 Reliance Retail (Fruitways Marketing Pty. Ltd) Apple Container No. MNBU4391735.pdf,M-31-2026,SURVEY,SURVEY_REPORT,APPLE,Reliance Retail Limited,1,190,32,9 April 2026,408f4a406ac5cc41
M-35-2026 Reliance Retail (SOC. Agr. Coop. Lagnasco Group) Apple Container No. TLLU1107113.pdf,M-35-2026,SURVEY,SURVEY_REPORT,APPLE,Reliance Retail Ltd,1,160,25,22 March 2026,11cab48db6e11f86
M-36-2026 NGK Trading (Apot Societa Cooperativa Agricola) Apple Container No. TEMU9685328.pdf,M-36-2026,SURVEY,SURVEY_REPORT,APPLE,NGK Trading Company Pvt.Ltd,1,96,18,18 March 2026,cb02acdce1c28b71
M-37-2026 NGK Trading (Apot Societa Cooperativa Agricola) Apple Container No. HMMU5443871.pdf,M-37-2026,SURVEY,SURVEY_REPORT,APPLE,NGK Trading Company Pvt.Ltd,1,84,17,18 March 2026,5e2ff639a9619a48
M-38-2025 Reliance Retails Apple - Container No. MNBU4113009.pdf,M-38-2025,SURVEY,SURVEY_REPORT,APPLE,Reliance Retail Ltd,1,141,12,30 April 2025,f8d378aabe5fa1c2
M-38-2026 Anusaya Fresh (Agropecuaria Schio Ltda) Apple Container No. TRIU8896998 (Kolkatta).pdf,M-38-2026,SURVEY,SURVEY_REPORT,APPLE,Anusaya Fresh India Pvt.Ltd,1,104,19,8 March 2026,4eb7f866e3963f12
M-39-2025 NGK Trading - Apple Container No. EMCU5685888.pdf,M-39-2025,SURVEY,SURVEY_REPORT,APPLE,A-340 New Subzi Mandi Azadpur,1,19,11,14 April 2025,30efc25eb766af20
M-39-2026 Reliance Retails (VOG SOC. Agricola Coop) Apple Container No. CGMU5503607.pdf,M-39-2026,SURVEY,SURVEY_REPORT,APPLE,Reliance Retail Limited,1,176,29,11 March 2026,7540bc91f0ede882
M-40-2026 Archana Enterprise (Southern Fruit Trading (Pty) Ltd) Apple Container No SZLU9282295.pdf,M-40-2026,SURVEY,SURVEY_REPORT,APPLE,Archana Enterprises,1,144,25,08/03/2026,b4127d94e96e13da
M-41-2025 Reliance Retails Ltd - Apple Container No. EMCU5638443 - 1st Addendum Report.pdf,M-41-2025,SURVEY,SURVEY_REPORT,APPLE,Reliance Retail Ltd,1,101,7,26 April 2025,41a86ba349d31fdf
M-41-2025 Reliance Retails Ltd - Apple Container No. EMCU5638443.pdf,M-41-2025,SURVEY,SURVEY_REPORT,APPLE,Reliance Retail Ltd,1,25,11,26 April 2025,5e479042993f0fe2
M-43-2026 Reliance Retail Ltd (Core fruit (PTY) Ltd) Apple & Pear Container No. HLBU9066390.pdf,M-43-2026,SURVEY,SURVEY_REPORT,APPLE,Reliance Retail Ltd,1,192,32,6 April 2026,ed02eb19002455c3
M-44-2025 NGK Trading - Apple Container No. FSCU5316900.pdf,M-44-2025,SURVEY,SURVEY_REPORT,APPLE,NGK Trading Company Pvt.Ltd,1,34,9,28/04/2025,20537fd52c30f9de
M-45-2026 Hari Agro Products (Nargo Industries USA Inc) Apple Container No. ONEU9019596.pdf,M-45-2026,SURVEY,SURVEY_REPORT,APPLE,Hari Agro Products,1,138,24,21 March 2026,5559b177e0340253
M-47-2026 ASRA Enterprises (Fruit Family SP. Z O.O.) Apple Container Nos. HLBU9822040 & UAEU1265930.pdf,M-47-2026,SURVEY,SURVEY_REPORT,APPLE,Asra Enterprises,2,230,40,30 March 2026,07b0e777cb22ef9c
M-48-2026 NGK Trading (GF Marketing Pty. Ltd) Apple Container Nos. MNBU3003250 & MNBU3890344.pdf,M-48-2026,SURVEY,SURVEY_REPORT,APPLE,NGK Trading Company Pvt.Ltd,2,232,39,12 April 2026,000cdc5d0b106b0f
M-49-2025 NGK Trading - Granny Apple Container No. EMCU5682488.pdf,M-49-2025,SURVEY,SURVEY_REPORT,APPLE,A-340 New Subzi Mandi Azadpur,1,16,9,12 May 2025,898e853b83571601
M-53-2025 Reliance Retails Ltd - Apple Container No. MSDU9881900.pdf,M-53-2025,SURVEY,SURVEY_REPORT,APPLE,Reliance Retail Ltd,1,28,11,14 April 2025,aba37c3d755588fa
M-54-2025 NGK Trading - Apple Container No. CRXU1633816.pdf,M-54-2025,SURVEY,SURVEY_REPORT,APPLE,NGK Trading Company Pvt.Ltd,1,89,11,23/04/2025,c6d292d1a43178e2
M-55-2025 NGK Trading - Apple Container No. FBIU5467300.pdf,M-55-2025,SURVEY,SURVEY_REPORT,APPLE,NGK Trading Company Pvt.Ltd,1,96,11,23/04/2025,f143f1e8acce8c26
M-55-2026 Reliance Retail Ltd (Exportadora San Clemente S.A) Apple Container No. HLBU94453.pdf,M-55-2026,SURVEY,SURVEY_REPORT,APPLE,Reliance Retail Limited,1,176,30,28 March 2026,1157089bcd9cd0c3
M-56-2025 Gajumal Mulchand - Apple Container No. FBIU5409807.pdf,M-56-2025,SURVEY,SURVEY_REPORT,APPLE,Gajumal Mulchand,2,126,17,,09e311144d338d00
M-57-2025 Reliance Retail Ltd - Apple Container No. FBIU5147179.pdf,M-57-2025,SURVEY,SURVEY_REPORT,APPLE,Reliance Retail Ltd,1,46,13,29 April 2025,15a84a27a0aa375e
M-57-2026 Reliance Retails Ltd (Fruitways Marketing (PTY) Ltd) Apple Container No. MNBU4637860.pdf,M-57-2026,SURVEY,SURVEY_REPORT,APPLE,Reliance Retail Limited,1,136,25,21 April 2026,108a473274fe8e2a
M-58-2026 Fresh Fruit Alliances Apple # FBIU5195670 & TTNU8739314.pdf,M-58-2026,SURVEY,SURVEY_REPORT,APPLE,Fresh Fruit Alliances Private Limited,2,226,37,14 March 2026,fd7a54019c46ca76
M-59-2026 Fresh Fruit Alliances Apple # CXRU1264528 & CXRU1132619.pdf,M-59-2026,SURVEY,SURVEY_REPORT,APPLE,Fresh Fruit Alliances Private Limited,2,222,37,14 March 2026,9e3aec02cc803130
M-60-2026 NGK Trading (TYT Export S.A.) Apple Container No. SEKU9109660.pdf,M-60-2026,SURVEY,SURVEY_REPORT,APPLE,NGK Trading Company Pvt.Ltd,1,150,27,22 March 2026,3a4041902d61641f
M-61-2025 Reliance Retail Ltd - Apple Container No. UACU4766060.pdf,M-61-2025,SURVEY,SURVEY_REPORT,APPLE,Reliance Retail Ltd,1,25,11,16 May 2025,81322e1018c9b9e0
M-61-2026 Archana Enterprises (Snazzy Fruit Company Ltd) Apple # GESU9549296.pdf,M-61-2026,SURVEY,SURVEY_REPORT,APPLE,Archana Enterprises,1,126,22,27 April 2026,44de208e2b0371e0
M-62-2026 Reliance Retail Ltd (Core Fruit Pty.Ltd) Apple Container No. CAAU4049163.pdf,M-62-2026,SURVEY,SURVEY_REPORT,APPLE,Reliance Retail Limited,1,220,36,12 April 2026,efa6fc824f4a44c6
M-64-2025 Fresh Fruit Alliances - Apple Container No. SEGU9441670.pdf,M-64-2025,SURVEY,SURVEY_REPORT,APPLE,Fresh Fruit Alliances Private Limited,1,30,15,23 May 2025,b7f3592e08b522aa
M-64-2026 NGK Trading (Exportadora Rio Miapo SPA) Apple Container No. ONE9129823.pdf,M-64-2026,SURVEY,SURVEY_REPORT,APPLE,NGK Trading Company Pvt.Ltd,1,70,16,3 April 2026,4b6c053e77fb19e0
M-65-2025 Fresh Fruit Alliances - Apple Container Nos. TEMU9470206 & TCLU1102957.pdf,M-65-2025,SURVEY,SURVEY_REPORT,APPLE,Fresh Fruit Alliances Private Limited,2,130,24,18 July 2025,efcafb9d0429f7ea
M-65-2026 NGK Trading (Exportadora Rio Miapo SPA) Apple Container No. ONE9148628.pdf,M-65-2026,SURVEY,SURVEY_REPORT,APPLE,NGK Trading Company Pvt.Ltd,1,134,25,3 April 2026,0041cc5e76e62d84
"M-67-2026 Reliance Retail Ltd (Vog Soc Agricola Coop, Italy) Apple Container No. CXRU1556556.pdf",M-67-2026,SURVEY,SURVEY_REPORT,APPLE,Reliance Retail Limited,1,188,31,19 April 2026,1fc5cf6a966bdcd2
"M-69-2026 Reliance Retail Ltd (Vog Soc Agricola Coop, Italy) Apple Container No. FBIU5747506.pdf",M-69-2026,SURVEY,SURVEY_REPORT,APPLE,Reliance Retail Limited,1,184,30,28 April 2026,fce3ddeeacbc136c
M-71-2025 Anusaya Fresh - Granny Apple Container No. MNBU3189289.pdf,M-71-2025,SURVEY,SURVEY_REPORT,APPLE,Anusaya Fresh India Pvt.Ltd,1,26,15,30 July 2025,559ee5559c4f94dd
M-72-2025 Anusaya Fresh - Granny Apple Container No. MNBU3589618.pdf,M-72-2025,SURVEY,SURVEY_REPORT,APPLE,Anusaya Fresh India Pvt.Ltd,1,22,14,30 July 2025,18a6b873210d1162
M-72-2026 Reliance Retail Ltd (Delta Agrar Serbia ) Apple Container No. CGMU5083063 Taloja.pdf,M-72-2026,SURVEY,SURVEY_REPORT,APPLE,5 TTC Industrial area,1,172,29,28 March 2026,8c685f69e7e05fad
M-73-2025 Reliance Retail Ltd - Apple Container No. EMCU5555863.pdf,M-73-2025,SURVEY,SURVEY_REPORT,APPLE,Reliance Retail Ltd,1,34,15,15 June 2025,51c34e74e3c83b54
M-76-2026 Vande Fresh (Harvest SPA) Apple Container No. PCLU6145125.pdf,M-76-2026,SURVEY,SURVEY_REPORT,APPLE,Vande Fresh,1,160,28,18 March 2026,ebf39f77012322bf
M-77-2026 Reliance Retail Ltd (Domex Superfresh Growers LLC) Apple # EMCU5663873 1st Addendum.pdf,M-77-2026,SURVEY,SURVEY_REPORT,APPLE,Reliance Retail Limited,1,216,12,19 April 2026,8a56a6f96496ac9a
M-77-2026 Reliance Retail Ltd (Domex Superfresh Growers LLC) Apple Container No. EMCU5663873.pdf,M-77-2026,SURVEY,SURVEY_REPORT,APPLE,5 TTC Industrial area,1,152,26,19 April 2026,92e7db5c2be7377d
M-8-2026 Fresh Fruit Alliances (Dole Italia S.R.L) Apple Container No. HLBU6166483.pdf,M-8-2026,SURVEY,SURVEY_REPORT,APPLE,Fresh Fruit Alliances Private Limited,1,160,28,15 February 2026,46416753fbf60fde
M-8-2026 Fresh Fruit Alliances (Dole Italia S.R.L) Apple Container No. HLBU6166483_compressed.pdf,M-8-2026,SURVEY,SURVEY_REPORT,APPLE,Fresh Fruit Alliances Private Limited,1,160,28,15 February 2026,f8761238f785565f
M-82-2025 NGK Trading - Apple Container No. MSDU9894240.pdf,M-82-2025,SURVEY,SURVEY_REPORT,APPLE,NGK Trading Company Pvt.Ltd,1,34,11,29 June 2025,22f55a0233e1f65f
M-83-2025 NGK Trading - Apple Container No. SZLU9317241.pdf,M-83-2025,SURVEY,SURVEY_REPORT,APPLE,NGK Trading Company Pvt.Ltd,1,27,11,29 June 2025,76f6714558820595
M-84-2025 NGK Trading - Apple Container No. SZLU9261116.pdf,M-84-2025,SURVEY,SURVEY_REPORT,APPLE,NGK Trading Company Pvt.Ltd,1,26,11,29 June 2025,0d19e66fc4097e36
M-84-2026 FFA (Exportadora Manga Trading S.A) Apple Container Nos. FBIU5554636 & OTPU6737969.pdf,M-84-2026,SURVEY,SURVEY_REPORT,APPLE,Fresh Fruit Alliances Private Limited,2,474,72,2 May 2026,48b7b8e85e66ac95
M-86-2025 Reliance Retail - Apple Container No. OERU4209087 (Bangalore).pdf,M-86-2025,SURVEY,SURVEY_REPORT,APPLE,Reliance Retail Ltd,1,14,11,21 June 2025,ec17827be534d7ff
M-87-2025 NGK Trading Apple Container No. MSDU9892654 (Revised).pdf,M-87-2025,SURVEY,SURVEY_REPORT,APPLE,NGK Trading Company Pvt.Ltd,1,33,13,15 July 2025,2d5bd903528beb1f
M-91-2025 NGK Trading Apple Container No. SZLU9248449.pdf,M-91-2025,SURVEY,SURVEY_REPORT,APPLE,NGK Trading Company Pvt.Ltd,1,24,9,29 June 2025,401bcf176b551433
M-91-2026 Reliance Retail Ltd (Domex Superfresh Growers LLC) Apple # EGSU5081085.pdf,M-91-2026,SURVEY,SURVEY_REPORT,APPLE,Reliance Retail Limited,1,156,27,22 May 2026,f8f26890b6e87866
M-92-2026 Vande Fresh (Harvest SPA) Apple # SZLU9764949.pdf,M-92-2026,SURVEY,SURVEY_REPORT,APPLE,Vande Fresh,1,146,26,21 April 2026,11864f82b108aa5e
M-93-2026 Kiaora Food (RD8 Fresh Produce) Apple # OERU4365958.pdf,M-93-2026,SURVEY,SURVEY_REPORT,APPLE,Kiaora Food & Beverages LLP,1,220,37,24 May 2026,63a3b8e63c7bf396
M-96-2026 Anusaya Fresh (Fruitways Marketing Pty.Ltd) Apple # OTPU6044223.pdf,M-96-2026,SURVEY,SURVEY_REPORT,APPLE,Anusaya Fresh India Pvt.Ltd,1,178,30,7 June 2026,41c12a40d1a4025e
M-97-2026 Anusaya Fresh (Fruitways Marketing Pty.Ltd) Apple # FSCU5750115.pdf,M-97-2026,SURVEY,SURVEY_REPORT,APPLE,Anusaya Fresh India Pvt.Ltd,1,166,29,7 June 2026,2be0af1d91259365
"M-99-2026 Reliance Retail Ltd (Vog Verband Der Suedtiroler, Italy) Apple # CGMU5058693.pdf",M-99-2026,SURVEY,SURVEY_REPORT,APPLE,Reliance Retail Limited,1,230,37,27 May 2026,0920bbd15797c306
Third Party Inspection Report - Aayush Impex - Apple Container No. EMCU5709167.pdf,UNKNOWN,SURVEY,SURVEY_REPORT,APPLE,Aayush Impex,1,94,11,20 May 2025,47f47bfb099b76dc
Third Party Inspection Report - Aayush Impex - Apple Container No. EMCU5724372.pdf,UNKNOWN,SURVEY,SURVEY_REPORT,APPLE,Aayush Impex,1,96,12,20 May 2025,ea7ba4113f07e668
Third Party Inspection Report - Aayush Impex - Apple Container No. OOLU6479990.pdf,UNKNOWN,SURVEY,SURVEY_REPORT,APPLE,Aayush Impex,1,46,12,3 June 2025,f4c7e1895aa5ef6c
"M-199-2025 Sunmoon International Apricot, Nectarine & Peaches Air Shipment.pdf",M-199-2025,SURVEY,SURVEY_REPORT,APRICOT,K-17,1,22,12,4 December 2025,0b698b2837b5c1b3
"MCAPL-006-24B Healthstream Wellness - cherries, Peaches & Apricot.pdf",MCAPL-006-24B,SURVEY,SURVEY_REPORT,APRICOT,Healthstream Wellness,1,120,12,12 July 2024,75e8240c727d1c2c
MCAPL-44-24B Helloraw Agro LLP (Nectarines & Apricots) - Air Shipment.pdf,MCAPL-44-24B,SURVEY,SURVEY_REPORT,APRICOT,31A,1,151,17,13 November 2024,d8050a8199721296
M-127-2025 Anusaya Fresh - Avocado Container No. MCAU6045964.pdf,M-127-2025,SURVEY,SURVEY_REPORT,AVOCADO,Anusaya Fresh India Private Limited,1,37,15,16 July 2025,44dcfbd9e41740d8
M-131-2025 Fresh Fruit Alliances Avocado Container No. CGMU6942688.pdf,M-131-2025,SURVEY,SURVEY_REPORT,AVOCADO,Fresh Fruit Alliances Private Limited,1,27,11,13 September 2025,a85419f3de0ddc05
M-133-2025 Fresh Fruit Alliances Avocado Container No. CGMU6911120.pdf,M-133-2025,SURVEY,SURVEY_REPORT,AVOCADO,Fresh Fruit Alliances Private Limited,1,29,12,15 August 2025,3fd2f2713011173f
M-160-2025 Fresh Fruit Alliances Avocado Container No. CGMU6910192.pdf,M-160-2025,SURVEY,SURVEY_REPORT,AVOCADO,Fresh Fruit Alliances Private Limited,1,34,15,4 October 2025,f70619c04f47a3e7
M-202-2025 Avolinx Trading Partners Avocado Container No. CGMU7015068.pdf,M-202-2025,SURVEY,SURVEY_REPORT,AVOCADO,Avolinx Trading Partners,1,41,12,29 November 2025,eebe161c0a212966
M-260-2025 Fresh Fruit Alliances Avocado Container No. CGMU6946430.pdf,M-260-2025,SURVEY,SURVEY_REPORT,AVOCADO,Fresh Fruit Alliances Private Limited,1,154,28,1 March 2026,e8dc88c0e6b461fd
M-266-2025 Anusaya Fresh Avocado Container No. CGMU6937341.pdf,M-266-2025,SURVEY,SURVEY_REPORT,AVOCADO,Anusaya Fresh India Private Limited,1,146,26,3 March 2026,78ef743ccdd5e0b4
M-68-2025 Fresh Fruit Alliances - Avocado Container No. CGMU6933937.pdf,M-68-2025,SURVEY,SURVEY_REPORT,AVOCADO,C-106,1,1,11,30 June 2025,44b7a9c7c3b9ca81
M-69-2025 Anusaya Fresh - Avocado Container No. MCAU6009355.pdf,M-69-2025,SURVEY,SURVEY_REPORT,AVOCADO,India,1,21,12,12 July 2025,a5eabdd690ed39db
M-77-24B West-In Avo Private Limited - Avocado Container No. BMOU9847699.pdf,M-77-24B,SURVEY,SURVEY_REPORT,AVOCADO,401,1,36,14,29 December 2024,2fade99a23ca2cdf
M-103-24B Mauli International (Air Shipment - Blueberry).pdf,M-103-24B,SURVEY,SURVEY_REPORT,BLUEBERRY,K-09,1,26,11,1 March 2025,f37b37dafd5e6bf7
M-105-24B Mauli International (Air Shipment - Blueberry).pdf,M-105-24B,SURVEY,SURVEY_REPORT,BLUEBERRY,K-09,1,94,10,4 March 2025,5cd5edf93d88a9bd
M-11-2025 Anusaya Fresh - Blueberry Airshipment.pdf,M-11-2025,SURVEY,SURVEY_REPORT,BLUEBERRY,Anusaya Fresh India Pvt.Ltd,1,23,10,11 April 2025,745b79c06374d6ee
M-115-2025 Mauli International - Blueberry Air Shipment # 312-90565241.pdf,M-115-2025,SURVEY,SURVEY_REPORT,BLUEBERRY,Mauli International,1,29,11,21 August 2025,b4385ca985e72c83
M-12-2025 Anusaya Fresh - Blueberry Airshipment.pdf,M-12-2025,SURVEY,SURVEY_REPORT,BLUEBERRY,Anusaya Fresh India Pvt.Ltd,1,16,8,14 April 2025,976eb9aaf05750e9
M-123-2025 G.T Fruitech Pvt.Ltd - Blueberry Air Shipment # 805 1341 8370 - Second Visit.pdf,M-123-2025,SURVEY,SURVEY_REPORT,BLUEBERRY,G.T. Fruitech Pvt. Ltd,1,163,18,9 September 2025,6ec0bc42f02c81f5
M-123-2025 G.T Fruitech Pvt.Ltd - Blueberry Air Shipment # 805-1341 8370.pdf,M-123-2025,SURVEY,SURVEY_REPORT,BLUEBERRY,G.T. Fruitech Pvt. Ltd,1,55,12,9 September 2025,522d6ae84b9eae35
M-125-24B Anusaya Fresh (Air Shipment - Blueberry).pdf,M-125-24B,SURVEY,SURVEY_REPORT,BLUEBERRY,Anusaya Fresh India Private Limited,1,22,11,27 March 2025,a2e6123b146cb064
M-126-24B Anusaya Fresh (Air Shipment - Blueberry).pdf,M-126-24B,SURVEY,SURVEY_REPORT,BLUEBERRY,Anusaya Fresh India Private Limited,1,17,11,23 March 2025,6be600399dd7ce33
M-131-2026 ST Sumal Agro (Allipa Farm Peru S.A.C.) Blueberry # 057-05562421.pdf,M-131-2026,SURVEY,SURVEY_REPORT,BLUEBERRY,St Sumal Agro Venture Pvt Ltd,1,250,36,7 August 2026,29bc37eeefc988bb
M-137-2026 ST Sumal Agro (Allipa Farm Peru S.A.C.) Blueberry # 074-05778253.pdf,M-137-2026,SURVEY,SURVEY_REPORT,BLUEBERRY,ST Sumal Agro Venture Pvt Ltd,1,190,29,8 August 2026,69c24bdad5e9346c
M-14-2025 Anusaya Fresh - Blueberry Air-shipment.pdf,M-14-2025,SURVEY,SURVEY_REPORT,BLUEBERRY,Anusaya Fresh India Pvt.Ltd,1,11,9,18 April 2025,22917feda2577a55
M-15-2025 Anusaya Fresh - Blueberry Air Shipment.pdf,M-15-2025,SURVEY,SURVEY_REPORT,BLUEBERRY,Anusaya Fresh India Pvt.Ltd,1,18,9,22 April 2025,2c0afa8c5651f9d7
M-16-2025 Anusaya Fresh - Blueberry Air Shipment.pdf,M-16-2025,SURVEY,SURVEY_REPORT,BLUEBERRY,Anusaya Fresh India Pvt.Ltd,1,16,9,21 April 2025,2ed8271affcb27f5
M-17-2025 Anusaya Fresh - Blueberry Air Shipment # 176-03710313.pdf,M-17-2025,SURVEY,SURVEY_REPORT,BLUEBERRY,Anusaya Fresh India Pvt.Ltd,1,16,10,23 April 2025,6c92ab4d2f1bc163
M-18-2025 Anusaya Fresh - Blueberry Air Shipment # 235-01063182.pdf,M-18-2025,SURVEY,SURVEY_REPORT,BLUEBERRY,Anusaya Fresh India Pvt.Ltd,1,16,8,21 April 2025,d5e226ed2c7e1bfe
M-19-2025 Anusaya Fresh - Blueberry Air Shipment # 235-01071276.pdf,M-19-2025,SURVEY,SURVEY_REPORT,BLUEBERRY,Anusaya Fresh India Pvt.Ltd,1,18,10,18 April 2025,13fbd04f58f50bd0
M-193-2025 Sunmoon International - Blueberry Air Shipment # 014-38705052.pdf,M-193-2025,SURVEY,SURVEY_REPORT,BLUEBERRY,Sunmoon International,1,22,11,"28
November 2025",1d5351545c23de71
M-206-2025 Anusaya Fresh Blueberry Airshipment (Delhi) = 2 Pallets (Second Visit).pdf,M-206-2025,SURVEY,SURVEY_REPORT,BLUEBERRY,Sunmoon International,1,103,11,6 December 2025,f2666eacd5fc4d46
M-206-2025 Sunmoon International Blueberry Airshipment (Delhi).pdf,M-206-2025,SURVEY,SURVEY_REPORT,BLUEBERRY,Sunmoon International,1,26,11,6 December 2025,c02d60f9350208c3
M-207-2025 Sunmoon Int. - Blueberry 17 Pallets Air Shipment (Second Visit).pdf,M-207-2025,SURVEY,SURVEY_REPORT,BLUEBERRY,Sunmoon International,1,225,11,6 December 2025,5417477f1428db46
M-207-2025 Sunmoon International - Blueberry Air Shipment # 057-02743075.pdf,M-207-2025,SURVEY,SURVEY_REPORT,BLUEBERRY,Sunmoon International,1,33,11,6 December 2025,a5d12ed38f257aec
M-21-2025 Anusaya Fresh Blueberry Air Shipment # 157-03644351 (Mumbai).pdf,M-21-2025,SURVEY,SURVEY_REPORT,BLUEBERRY,Anusaya Fresh India Pvt.Ltd,1,20,9,23 April 2025,261887e2723929d8
M-210-2025 Sunmoon International - Blueberry Air Shipment # 157-41961426.pdf,M-210-2025,SURVEY,SURVEY_REPORT,BLUEBERRY,Sunmoon International,1,25,10,14 December 2025,2e5a9bfdd1251e93
M-211-2025 Sunmoon International - Blueberry Air Shipment # 157-41961393.pdf,M-211-2025,SURVEY,SURVEY_REPORT,BLUEBERRY,Sunmoon International,1,26,11,14 December 2025,242af6191cb2108d
M-212-2025 Sunmoon International Blueberry Air Shipment # 014-38711783.pdf,M-212-2025,SURVEY,SURVEY_REPORT,BLUEBERRY,Sunmoon International,1,28,13,20 December 2025,8e8964c910e27e35
M-23-2025 Anusaya Fresh - Blueberry Air Shipment # 157-03643861.pdf,M-23-2025,SURVEY,SURVEY_REPORT,BLUEBERRY,Anusaya Fresh India Pvt.Ltd,1,17,10,24/04/2025,09196038a96a9120
M-230-2025 Sunmoon International Blueberry Air Shipment # 23587825404.pdf,M-230-2025,SURVEY,SURVEY_REPORT,BLUEBERRY,Sunmoon International,1,0,23,4 January 2026,eaa0a164f1900e82
M-233-2025 NGK Trading Blueberry Airshipment # 145-90962012.pdf,M-233-2025,SURVEY,SURVEY_REPORT,BLUEBERRY,NGK Trading Company Pvt Ltd,1,96,16,7 January 2026,5b346acf09b09a6c
M-234-2025 KDS International Blueberry Air Shipment # 80513574890.pdf,M-234-2025,SURVEY,SURVEY_REPORT,BLUEBERRY,KDS International,1,128,20,10 January 2026,84777aeb30ee74d0
M-24-2025 Anusaya Fresh - Blueberry 7 Pallets # 157-03644421.pdf,M-24-2025,SURVEY,SURVEY_REPORT,BLUEBERRY,Anusaya Fresh India Pvt.Ltd,1,18,9,29/04/2025,563599ab9f43b371
M-26-2025 Anusaya Fresh - Blueberry Air Shipment - 10 Pallets # 235-01063215.pdf,M-26-2025,SURVEY,SURVEY_REPORT,BLUEBERRY,Anusaya Fresh India Pvt.Ltd,1,22,9,18/04/2025,414867926a199447
M-27-2025 Anusaya Fresh - Blueberry Air Shipment - 5 Pallets # 157-05267356.pdf,M-27-2025,SURVEY,SURVEY_REPORT,BLUEBERRY,Anusaya Fresh India Pvt.Ltd,1,20,9,28 April 2025,37999a0cf29a2f8d
M-29-2025 Anusaya Fresh - Blueberry Air Shipment - 14 Pallets # 235-01063823.pdf,M-29-2025,QC,QC_REPORT,BLUEBERRY,Anusaya Fresh India Pvt.Ltd,1,16,9,20 May 2025,4f5cda66882c5865
M-30-2025 Anusaya Fresh - Blueberry Air Shipment - 20 Pallets # 157-05267570.pdf,M-30-2025,QC,QC_REPORT,BLUEBERRY,Anusaya Fresh India Pvt.Ltd,1,18,9,19 May 2025,e7c7d128d788dfac
M-31-2025 Anusaya Fresh - Blueberry Air Shipment - 5 Pallets # 157-05368764.pdf,M-31-2025,QC,QC_REPORT,BLUEBERRY,Anusaya Fresh India Pvt.Ltd,1,15,9,19 May 2025,db2de6f158078bbd
M-32-2025 Anusaya Fresh - Blueberry Air Shipment - 5 Pallets # 157-03083080.pdf,M-32-2025,QC,QC_REPORT,BLUEBERRY,Anusaya Fresh India Pvt.Ltd,1,13,9,16 May 2025,b01ee0da3ea9002d
M-36-2025 Anusaya Fresh - Blueberry Air Shipment - 10 Pallets # 074-03437501.pdf,M-36-2025,SURVEY,SURVEY_REPORT,BLUEBERRY,Anusaya Fresh India Pvt.Ltd,1,15,9,1 June 2025,d138109bc5fdc2c1
M-37-2025 Anusaya Fresh - Blueberry Air Shipment # 020-34538302.pdf,M-37-2025,SURVEY,SURVEY_REPORT,BLUEBERRY,Anusaya Fresh India Pvt.Ltd,1,14,9,30 May 2025,412491c1c886bfe2
M-4-2025 Mauli International (Air Shipment - Blueberry).pdf,M-4-2025,SURVEY,SURVEY_REPORT,BLUEBERRY,Mauli International,1,21,9,2 April 2025,23d18ac5d497da38
M-60-2025 Anusaya Fresh - Blueberry Air Shipment - 15 Pallets # 932-76042256 (Delhi Case).pdf,M-60-2025,SURVEY,SURVEY_REPORT,BLUEBERRY,Anusaya Fresh India Pvt.Ltd,1,14,11,7 July 2025,8855ae15b9d5ae22
M-63-2025 Anusaya Fresh - Blueberry Air Shipment - 5 Pallets # 932-76042245 (Bangalore Case).pdf,M-63-2025,SURVEY,SURVEY_REPORT,BLUEBERRY,Anusaya Fresh India Pvt.Ltd,1,13,10,8 July 2025,3c9aa156c40b932a
M-69-24B Jaitra Overseas (Air Shipment - Blueberry).pdf,M-69-24B,SURVEY,SURVEY_REPORT,BLUEBERRY,J-427 A.P.M.C. Fruit Market Sector 19,1,33,10,20 December 2024,a1f3520d78efd0fa
M-94-2026 NGK Trading (Agricola Don) Blueberry Shipment AWB #057-05011580.pdf,M-94-2026,SURVEY,SURVEY_REPORT,BLUEBERRY,NGK Trading Company Pvt Ltd,1,142,22,3 July 2026,be27c9b9f02d79db
M-113-2026 NGK Trading (Demir Fresh GIDA San) Cherry Airshipment # 235-IST-20442413.pdf,M-113-2026,SURVEY,SURVEY_REPORT,CHERRY,NGK Trading Company Pvt.Ltd,1,110,20,24 July 2026,3781eddd3cee1c16
M-195-2025 Anusaya Cherry Airway Bill No.176-20060865 (Bangalore).pdf,M-195-2025,SURVEY,SURVEY_REPORT,CHERRY,Anusaya Fresh India Pvt.Ltd,1,19,13,22 November 2025,a61135e2965054b9
M-209-2025 NGK Trading Cherry Airshipment # 074-04287463.pdf,M-209-2025,SURVEY,SURVEY_REPORT,CHERRY,NGK Trading Company Pvt.Ltd,1,23,11,7 December 2025,0a9c54cbc5266575
M-213-2025 Sunmoon International  Cherry Air Shipment # 057-57871984.pdf,M-213-2025,SURVEY,SURVEY_REPORT,CHERRY,Sunmoon International,1,25,14,24 December 2025,927521f9886d99bd
M-51-24B Mauli International (Air Shipment - Cherry).pdf,M-51-24B,SURVEY,SURVEY_REPORT,CHERRY,K-09,1,129,12,23 November 2024,97a7445c37ec9abb
M-73-24B Parivid Impex - Cherry Container No. OTPU6007153.pdf,M-73-24B,SURVEY,SURVEY_REPORT,CHERRY,Office no. 623,1,47,12,12 December 2024,4acf5ef81a190f21
M-74-24B Parivid Impex - Cherry Container No. FBIU5176876.pdf,M-74-24B,SURVEY,SURVEY_REPORT,CHERRY,Office no. 623,1,31,10,12 December 2024,50f58bd78f9026d1
M-75-24B NGK Trading - Cherry Container No. FBIU5654337 (Destuffing).pdf,M-75-24B,SURVEY,SURVEY_REPORT,CHERRY,NGK Trading Company Pvt.Ltd,1,45,14,12 December 2024,5c3c7c1c941366ef
M-81-24B NGK Trading - Cherry Container No. ZMOU8870511 (Destuffing).pdf,M-81-24B,SURVEY,SURVEY_REPORT,CHERRY,NGK Trading Company Pvt.Ltd,1,31,10,24 December 2024,4470605026bc047b
M-83-24B Parivid Impex - Cherry Container No. ZCLU9923169.pdf,M-83-24B,SURVEY,SURVEY_REPORT,CHERRY,Office no. 623,1,26,9,24 December 2024,b2fb70f868c8b26e
M-84-24B Parivid Impex - Cherry Container No. ZCLU9952697 (Destuffing).pdf,M-84-24B,SURVEY,SURVEY_REPORT,CHERRY,Office no. 623,1,23,10,24 December 2024,a8e2a335d332f49f
M-90-24B Parivid Impex - Cherry Container No. HLBU9203169 (03-03-2025).pdf,M-90-24B,SURVEY,SURVEY_REPORT,CHERRY,Office no. 623,1,38,12,6 January 2024,e1a246cb25a45288
M-90-24B Parivid Impex - Cherry Container No. HLBU9203169.pdf,M-90-24B,SURVEY,SURVEY_REPORT,CHERRY,Office no. 623,1,38,11,6 January 2024,58f26dac2ba50576
MCAPL-47-24B Mauli International (Air Shipment - Cherry).pdf,MCAPL-47-24B,SURVEY,SURVEY_REPORT,CHERRY,K-09,1,24,11,12 November 2024,9c0873e04f987d3d
MCAPL-58-24B Mauli International (Air Shipment - Cherry).pdf,MCAPL-58-24B,SURVEY,SURVEY_REPORT,CHERRY,K-09,1,87,10,7 December 2024,b80245df16d4fb69
Parivid Impex Cherry Airway Bill No. 065-44156475.pdf,UNKNOWN,SURVEY,SURVEY_REPORT,CHERRY,Parivid Impex International,1,23,13,2 December 2025,ab4d15c09b7f3a49
Parivid Impex Cherry Fruits AWB No. 065-44156464.pdf,UNKNOWN,SURVEY,SURVEY_REPORT,CHERRY,Parivid Impex International,1,23,12,2 December 2025,abfa1063fac0cb90
Parivid Impex Cherry Fruits AWB No. 075-6665734.pdf,UNKNOWN,SURVEY,SURVEY_REPORT,CHERRY,Parivid Impex International,1,34,13,9 December 2025,3d4ec790de7ff4c3
10) M-10-2026 Anusaya Fersh (Phulimex Import Export Co Ltd) Dragon Container No. SEGU9618051.pdf,M-10-2026,SURVEY,SURVEY_REPORT,DRAGON,Anusaya Fresh India Private Limited,1,136,21,7 March 2026,23fa31187841bf0b
M-10-2025 Gajumal Mulchand - Dragon Container # FSCU5792023 & FSCU5794290.pdf,M-10-2025,SURVEY,SURVEY_REPORT,DRAGON,Gajumal Mulchand Fruits Pvt.Ltd,2,111,13,25 March 2025,cef33f831bb8263f
M-110-2025 Anusaya Fresh Dragon Container No. OTPU6033229.pdf,M-110-2025,SURVEY,SURVEY_REPORT,DRAGON,Anusaya Fresh India Private Limited,1,121,13,1 August 2025,7754738e90feb921
M-119-2025 Anusaya Fresh - Dragon Container No. OTPU6258040 (Bangalore QC).pdf,M-119-2025,QC,QC_REPORT,DRAGON,Anusaya Fresh India Private Limited,1,21,9,14 September 2025,3e515c5f784d4803
M-120-2025 Anusaya Fresh - Dragon Container No. TEMU9554966 (Bangalore QC).pdf,M-120-2025,QC,QC_REPORT,DRAGON,Anusaya Fresh India Private Limited,1,23,10,14 September 2025,fff33b629c9daccc
M-130-2025 Gajumal Mulchand - Dragon Container No. MORU1114999.pdf,M-130-2025,SURVEY,SURVEY_REPORT,DRAGON,Gajumal Mulchand Fruits Pvt.Ltd,1,114,17,19 August 2025,b73c7b1cc09ffc13
M-130-2026 Gajumal Mulchand (Nhat Viet Import Export) Dragon # OOLU6273801.pdf,M-130-2026,SURVEY,SURVEY_REPORT,DRAGON,Gajumal Mulchand Fruits Pvt.Ltd,1,186,28,9 July 2026,486eb19aa7dee002
M-158-2025 Anusaya Fresh Dragon Container No. IAAU8689499.pdf,M-158-2025,SURVEY,SURVEY_REPORT,DRAGON,Anusaya Fresh India Private Limited,1,34,11,29 September 2025,17d521a377e052eb
M-159-2025 Anusaya Fresh Dragon Container No. FSCU5812290.pdf,M-159-2025,SURVEY,SURVEY_REPORT,DRAGON,Anusaya Fresh India Private Limited,1,21,11,15 September 2025,c5dee121ceb693af
M-161-2025 Anusaya Fresh Dragon Container No. FSCU5773450.pdf,M-161-2025,SURVEY,SURVEY_REPORT,DRAGON,Anusaya Fresh India Private Limited,1,23,10,1 October 2025,323f4472d0d64b87
M-165-2025 Anusaya Fresh Dragon Container No. IAAU8681950  Chennai.pdf,M-165-2025,SURVEY,SURVEY_REPORT,DRAGON,Anusaya Fresh India Private Limited,2,127,19,7 October 2025,d7cb74a86eabafd5
M-165-2025 Anusaya Fresh Dragon Container Nos. IAAU8681950 & OTPU6032731 Chennai.pdf,M-165-2025,SURVEY,SURVEY_REPORT,DRAGON,Anusaya Fresh India Private Limited,2,127,19,7 October 2025,6d91cbdb385f609b
M-229-2025 Apex Royal International Dragon Container No. SEGU9818430 - (2nd Visit).pdf,M-229-2025,SURVEY,SURVEY_REPORT,DRAGON,Apex Royal International LLP,1,175,22,24 December 2025,de50ece9d1a2f82e
M-229-2025 Apex Royal International Dragon Container No. SEGU9818430.pdf,M-229-2025,SURVEY,SURVEY_REPORT,DRAGON,Apex Royal International LLP,1,36,24,24 December 2025,b8aaac3b6118d1c6
M-26-2026 Anusaya Fersh (Phulimex Import Export Co Ltd) Dragon Container No. TEMU9291140.pdf,M-26-2026,SURVEY,SURVEY_REPORT,DRAGON,Anusaya Fresh India Private Limited,1,136,21,3 April 2026,5da3e82eafbca459
M-267-2025 Anusaya Fresh Dragon Container No. OTPU6254066 - Chennai.pdf,M-267-2025,SURVEY,SURVEY_REPORT,DRAGON,Anusaya Fresh India Private Limited,1,150,23,1 March 2026,675e5a9c46361b1b
M-268-2025 Anusaya Fresh Dragon Container No. SEGU9752585 (PM Cold Storage).pdf,M-268-2025,SURVEY,SURVEY_REPORT,DRAGON,Anusaya Fresh India Private Limited,1,110,18,5 March 2026,a9bf55a92eded667
M-50-2025 Shri Balaji Fruits Dragon Fruits Container No. FSCU5829544.pdf,M-50-2025,SURVEY,SURVEY_REPORT,DRAGON,Shri Balaji Fruits Private Limited,1,98,11,23 May 2025,cbc20d668bf281d1
M-52-2025 Gajumal Mulchand - Chennai Dragon Container No. TCLU1368119.pdf,M-52-2025,SURVEY,SURVEY_REPORT,DRAGON,Gajumal Mulchand Fruits Pvt.Ltd,1,101,11,28 May 2025,3aaa6157b3e8f3f9
M-6-2026 Anusaya Fersh (Phulimex Import Export Co Ltd) Dragon Container No. OTPU6848854.pdf,M-6-2026,SURVEY,SURVEY_REPORT,DRAGON,Anusaya Fresh India Private Limited,1,128,20,11 March 2026,7acfecba465ad046
M-64-24B Shri Balaji Fruits Dragon Fruits Container No. IAAU8698356.pdf,M-64-24B,SURVEY,SURVEY_REPORT,DRAGON,C17 New Sabji Mandi,1,132,13,29 November 2024,19284c4648c04682
M-7-2026 Anusaya Fersh (Phulimex Import Export Co Ltd) Dragon Container No. SEGU9762027.pdf,M-7-2026,SURVEY,SURVEY_REPORT,DRAGON,Anusaya Fresh India Private Limited,1,146,22,15 March 2026,e4c2670a9dc3d4ce
M-80-2025 Anusaya Fresh - Dragon Container No. SEGU9312077.pdf,M-80-2025,SURVEY,SURVEY_REPORT,DRAGON,Anusaya Fresh India Private Limited,1,64,11,15 July 2025,b9bf3cf7dbbe65bb
M-82-24B Gajumal Mulchand - Dragon Container No. FSCU5969274.pdf,M-82-24B,SURVEY,SURVEY_REPORT,DRAGON,Gajumal Mulchand Fruits Pvt.Ltd,1,80,11,15 January 2025,654f152df3234547
M-9-2026 Anusaya Fersh (Phulimex Import Export Co Ltd) Dragon Container No. IAAU8681760.pdf,M-9-2026,SURVEY,SURVEY_REPORT,DRAGON,Anusaya Fresh India Private Limited,1,136,21,7 March 2026,e607ad9023afae72
M-93-24B Gajumal Mulchand - Dragon Container No. SEGU9037680 - Destuffing.pdf,M-93-24B,SURVEY,SURVEY_REPORT,DRAGON,Gajumal Mulchand Fruits Pvt.Ltd,1,52,10,23 January 2025,40f2fe2c34a062b3
MCAPL-008-24B Gajumal Mulchand - (Dragon Shipment - Bangalore) - revised.pdf,MCAPL-008-24B,SURVEY,SURVEY_REPORT,DRAGON,24 New Fruit Market,1,19,9,1/36/13,5a67b680f4b3b3b7
MCAPL-013-24B Gajumal Mulchand - (Dragon Shipment - Bangalore).pdf,MCAPL-013-24B,SURVEY,SURVEY_REPORT,DRAGON,24 New Fruit Market,1,73,9,1/11/76,3940fc51858e0847
"M-100-2025 Gajumal Mulchand Grapes Container No. SEGU9909490 (IG, Hosur, Bangalore).pdf",M-100-2025,SURVEY,SURVEY_REPORT,GRAPE,Gajumal Mulchand Fruits Pvt Ltd,1,17,10,17 July 2025,2f8543a658ab7203
M-101-2025 Gajumal Mulchand Grapes Container No. BEAU9712533- Chennai.pdf,M-101-2025,SURVEY,SURVEY_REPORT,GRAPE,Gajumal Mulchand Fruits Pvt Ltd,1,30,12,11 July 2025,e8d2e184fad7f612
M-104-2025 Gajumal Mulchand Grapes Container No. SEGU9945521 (CHENNAI) (Revised).pdf,M-104-2025,SURVEY,SURVEY_REPORT,GRAPE,Gajumal Mulchand Fruits Pvt Ltd,1,0,10,25 July 2025,fe6b93dbf033110c
M-105-2025 Gajumal Mulchand Grapes Container No. SEGU9755054 (Chennai) - Revised.pdf,M-105-2025,SURVEY,SURVEY_REPORT,GRAPE,Gajumal Mulchand Fruits Pvt Ltd,1,0,9,31 July 2025,cd150f5891e4e463
M-107-2025 Gajumal Mulchand Grapes Container No. SEGU9808766 (Chennai).pdf,M-107-2025,SURVEY,SURVEY_REPORT,GRAPE,Gajumal Mulchand Fruits Pvt Ltd,1,0,11,28 July 2025,12fc21554a92c3df
M-122-2025 Pawanai Ventures - Grapes Container No. IAAU8691177.pdf,M-122-2025,SURVEY,SURVEY_REPORT,GRAPE,Pawanai Ventures Private Limited,1,41,16,17 August 2025,65e8c381a11fc4c9
M-148-2025 AG International - Grapes Container No. SKRU9201648.pdf,M-148-2025,SURVEY,SURVEY_REPORT,GRAPE,A G International,1,152,21,19 September 2025,343229e3cf1c1bcf
M-157-2025 Gajumal Mulchand Grapes Container No. OOLU6286183.pdf,M-157-2025,SURVEY,SURVEY_REPORT,GRAPE,Gajumal Mulchand Fruits Pvt Ltd,1,0,17,18 September 2025,cdc2bd5a0a2c55d8
M-173-2025 Gajumal Mulchand Grapes Container No. OTPU6606399.pdf,M-173-2025,SURVEY,SURVEY_REPORT,GRAPE,Gajumal Mulchand Fruits Pvt Ltd,1,0,19,16 October 2025,95f087b3d0f26b62
M-182-2025 Gajumal Mulchand Grapes Container No. SZLU9748260.pdf,M-182-2025,SURVEY,SURVEY_REPORT,GRAPE,Gajumal Mulchand Fruits Pvt Ltd,1,0,12,17 October 2025,6ddf284cc04aa89c
M-183-2025 Yunnan Lantuo grapes Container No. FBIU5008126.pdf,M-183-2025,SURVEY,SURVEY_REPORT,GRAPE,AG International,1,0,15,7 July 2025,efed7b64bde9854a
M-185-2025 Gyan Fruit Grapes Container No. IAAU8688234.pdf,M-185-2025,SURVEY,SURVEY_REPORT,GRAPE,Gyan Fruits Company,1,0,22,24 Oct 2025,f0f432c79d7756c1
M-186-2025 Gajumal Mulchand Grapes Container No. IAAU8684990 & SZLU9726527.pdf,M-186-2025,SURVEY,SURVEY_REPORT,GRAPE,Gajumal Mulchand Fruits Pvt Ltd,2,0,21,29 October 2025,168d2da7588e519a
M-189-2025 Fresh Fruit Alliances Grapes Container No. IAAU8680526.pdf,M-189-2025,SURVEY,SURVEY_REPORT,GRAPE,Fresh Fruit Alliances Pvt. Ltd.,1,0,13,9 October 2025,5e3750076e36eb5c
M-190-2025 Gajumal Grapes Container No. HALU9000888.pdf,M-190-2025,SURVEY,SURVEY_REPORT,GRAPE,Gajumal Mulchand Fruits Pvt Ltd,1,0,12,27 October 2025,24b601177c185cf2
M-200-2025 Sunmoon International Grapes Air Shipment.pdf,M-200-2025,SURVEY,SURVEY_REPORT,GRAPE,K-17,1,26,11,3 December 2025,54161ec32973fc41
M-201-2025 Fresh Fruit Alliances Grapes Container No. IAAU8682175.pdf,M-201-2025,SURVEY,SURVEY_REPORT,GRAPE,Fresh Fruit Alliances Pvt. Ltd.,1,0,13,17 November 2025,cf9bf51bb7190aa4
M-226-2025 NGK Trading Grapes Container No. OTPU6033018.pdf,M-226-2025,SURVEY,SURVEY_REPORT,GRAPE,NGK Trading Company Pvt.Ltd,1,21,11,24 December 2025,f2a4e7328444bca2
M-247-2025 Gyan Fruit Company Grapes Container No. FBIU5092841.pdf,M-247-2025,SURVEY,SURVEY_REPORT,GRAPE,Gyan Fruits Company,1,100,17,30 January 2026,b68bcd360a9baea4
M-34-2026 Gyan Fruit (SK Gyan Fruit SPA) Grapes Container No. OTPU6739920.pdf,M-34-2026,SURVEY,SURVEY_REPORT,GRAPE,Gyan Fruit Company,1,152,23,27 February 2026,a382bb15d2fac621
M-43-2025 NGK Trading - Grapes Container No. SEKU9335288.pdf,M-43-2025,SURVEY,SURVEY_REPORT,GRAPE,NGK Trading Company Pvt.Ltd,1,23,10,18/04/2025,af8a34bfba93e01c
M-55-24B Aayush Impex - Grapes Container No. TCLU1024263.pdf,M-55-24B,SURVEY,SURVEY_REPORT,GRAPE,Shop No. F-28/29,1,26,9,16 November 2024,3ef16d8772a5f634
M-56-2026 Gajumal Mulchand (Shaanxi Fofan Int) Grapes Container No. SZLU9727816.pdf,M-56-2026,SURVEY,SURVEY_REPORT,GRAPE,Gajumal Mulchand Fruits Pvt Ltd,1,242,37,30 April 2026,f2ab21a98df70d2f
M-72-24B Gajumal Mulchand - Grapes Container No. IAAU8698422.pdf,M-72-24B,SURVEY,SURVEY_REPORT,GRAPE,UNKNOWN,1,43,12,18 December 2024,89e3ada86d1f5bdd
M-73-2026 Gajumal Mulchand (Exportadora Agroqore SPA) Grapes Container No. SEKU9067591.pdf,M-73-2026,SURVEY,SURVEY_REPORT,GRAPE,Gajumal Mulchand Fruits Pvt Ltd,1,244,37,27 March 2026,8938b1c2d48a7ee7
M-74-2025 Gajumal Mulchand Grapes Container No. SZLU9456890.pdf,M-74-2025,SURVEY,SURVEY_REPORT,GRAPE,Gajumal Mulchand Fruits Pvt Ltd,1,19,11,7 July 2025,4c91165f89213224
M-74-2026 AG International (Exportadora Agroqore SPA) Grapes Container No. SEKU9065515.pdf,M-74-2026,SURVEY,SURVEY_REPORT,GRAPE,A G International,1,168,26,26 March 2026,ace13f685c83252b
M-75-2025 Gajumal Mulchand Grapes Container No. IAAU8690437.pdf,M-75-2025,SURVEY,SURVEY_REPORT,GRAPE,Gajumal Mulchand Fruits Pvt Ltd,1,21,11,14 July 2025,7ad45e1fae4d9195
M-76-2025 Gajumal Mulchand Grapes Container (Nos. EMCU5522638 & EMCU5633539).pdf,M-76-2025,SURVEY,SURVEY_REPORT,GRAPE,Gajumal Mulchand Fruits Pvt Ltd,2,118,17,7 July 2025,4058b944ca483818
M-77-2025 Gajumal Mulchand Grapes Container Nos. EGSU5055825 & EMCU5556638.pdf,M-77-2025,SURVEY,SURVEY_REPORT,GRAPE,Gajumal Mulchand Fruits Pvt Ltd,2,120,18,7 July 2025,d050c936477e1e7f
M-79-2025 Gajumal Mulchand Grapes Container No. SZLU9709448.pdf,M-79-2025,SURVEY,SURVEY_REPORT,GRAPE,Gajumal Mulchand Fruits Pvt Ltd,1,22,10,10 July 2025,91a89828a4e84b4b
M-81-2025 Gajumal Mulchand Grapes Container No. SZLU9384872 (Bangalore).pdf,M-81-2025,SURVEY,SURVEY_REPORT,GRAPE,Gajumal Mulchand Fruits Pvt Ltd,1,25,10,7 July 2025,518916fe28067768
M-88-2025 Gajumal Mulchand Grapes Container No. FBIU5566745.pdf,M-88-2025,SURVEY,SURVEY_REPORT,GRAPE,Gajumal Mulchand Fruits Pvt Ltd,1,0,11,14 July 2025,0b383d4f80710bdd
M-92-2025 Gajumal Mulchand Grapes Container No. EMCU5423390 - (Delhi).pdf,M-92-2025,SURVEY,SURVEY_REPORT,GRAPE,Gajumal Mulchand Fruits Pvt Ltd,1,0,10,10 July 2025,751709be8084a75b
M-93-2025 Gajumal Mulchand Grapes Container No. FBIU5324124.pdf,M-93-2025,SURVEY,SURVEY_REPORT,GRAPE,Gajumal Mulchand Fruits Pvt Ltd,1,0,10,16 July 2025,ae94460b194e1fd5
M-94-2025 Gajumal Mulchand Grapes Container No. FBIU5395133.pdf,M-94-2025,SURVEY,SURVEY_REPORT,GRAPE,Gajumal Mulchand Fruits Pvt Ltd,1,0,11,15 July 2025,c6c5050a0b4064cf
M-95-2025 Gajumal Mulchand Grapes Container No. OTPU6622527 - CHENNAI.pdf,M-95-2025,SURVEY,SURVEY_REPORT,GRAPE,Gajumal Mulchand Fruits Pvt Ltd,1,0,11,18 July 2025,f55b1b7d2aea44ef
M-96-2025 Gajumal Mulchand Grapes Container No. EMCU5621780 (Chennai).pdf,M-96-2025,SURVEY,SURVEY_REPORT,GRAPE,Gajumal Mulchand Fruits Pvt Ltd,1,0,10,14 July 2025,79be0f92c067a1c1
M-98-2025 Gajumal Mulchand Grapes Container No. FBIU5367337 - (Delhi).pdf,M-98-2025,SURVEY,SURVEY_REPORT,GRAPE,Gajumal Mulchand Fruits Pvt Ltd,1,0,11,20 July 2025,1ce9964dc692fd76
"M-99-2025 Gajumal Mulchand Grapes Container No. SZLU6032775 (IG, Electronic City, Bangalore).pdf",M-99-2025,SURVEY,SURVEY_REPORT,GRAPE,Gajumal Mulchand Fruits Pvt Ltd,1,23,11,14 July 2025,6532f82dbb637644
MCAPL-016-24B HGS International - 1 Container (Grapes) - Revised.pdf,MCAPL-016-24B,SURVEY,SURVEY_REPORT,GRAPE,HGS International,1,109,10,6 August 2024,454a6c4c2d62c65c
MCAPL-028-24B RB Impex - SEGU9950580  (Grapes).pdf,MCAPL-028-24B,SURVEY,SURVEY_REPORT,GRAPE,B-153 & 154,1,32,12,14 September 2024,0118afdb6f97c4cc
MCAPL-33-24B Gajumal Mulchand - (OTPU6222304 - Grapes).pdf,MCAPL-33-24B,SURVEY,SURVEY_REPORT,GRAPE,UNKNOWN,1,246,16,17 September 2024,dd811343238117bd
MCAPL-34-24B HGS International - CXRU1634330 - Grapes Destuffing).pdf,MCAPL-34-24B,SURVEY,SURVEY_REPORT,GRAPE,Gala No. M 872,1,47,12,27 September 2024,42a165f78f08edf3
MCAPL-35-24B RB Impex - (EMCU5384708  - Grapes).pdf,MCAPL-35-24B,SURVEY,SURVEY_REPORT,GRAPE,B-153 & 154,1,201,22,30 September 2024,fd41935ec05bf2a0
MCAPL-36-24B RB Impex - (EMCU5554358 - Grapes).pdf,MCAPL-36-24B,SURVEY,SURVEY_REPORT,GRAPE,B-153 & 154,1,145,17,30 September 2024,6b3f5887524b493b
MCAPL-39-24B RB Impex - FBIU5381443 - Grapes).pdf,MCAPL-39-24B,SURVEY,SURVEY_REPORT,GRAPE,B-153 & 154,1,28,13,14 October 2024,83cab69455cb9f71
MCAPL-40-24B RB Impex - SEGU9822337 - Grapes).pdf,MCAPL-40-24B,SURVEY,SURVEY_REPORT,GRAPE,B-153 & 154,1,21,15,14 October 2024,c62081b66699fcc1
MCAPL-41-24B Gajumal Mulchand -  EMCU5573620 & EMCU5465158- Grapes) 3 visits only.pdf,MCAPL-41-24B,SURVEY,SURVEY_REPORT,GRAPE,UNKNOWN,2,158,16,,4a08e52b346b206d
MCAPL-41-24B Gajumal Mulchand -  EMCU5573620 & EMCU5465158- Grapes).pdf,MCAPL-41-24B,SURVEY,SURVEY_REPORT,GRAPE,UNKNOWN,2,365,26,,dc0707291aaeeacb
MCAPL-49-24B IFC International - TSTU8504829 - Grapes.pdf,MCAPL-49-24B,SURVEY,SURVEY_REPORT,GRAPE,B-153,1,17,11,21 October 2024,7ed0316fb9de72b6
RK Global Grapes Container No. OTPU6035453.pdf,UNKNOWN,SURVEY,SURVEY_REPORT,GRAPE,RK Global,1,54,14,9 October 2025,70d7ecceb845e3ab
M-102-2026 NGK Trading (Agrofruta S.A. Chile) Kiwi # OTPU6766015.pdf,M-102-2026,SURVEY,SURVEY_REPORT,KIWI,NGK Trading Company Pvt.Ltd,1,170,29,8 May 2026,84ecf9f87e7e1f06
M-105-2026 RGS Exim - Hero Tejaraj Arad (Hero Trading Co.) Kiwi # ORIU4110016.pdf,M-105-2026,SURVEY,SURVEY_REPORT,KIWI,RGS Exim Pro,1,118,22,18 April 2026,06131303a96549fb
M-105-2026 RGS Exim - Hero Tejaraj Arad (Hero Trading Co.) Kiwi # QRIU4110016.pdf,M-105-2026,SURVEY,SURVEY_REPORT,KIWI,RGS Exim Pro,1,102,18,18 April 2026,879dcb1b1d8e692e
M-106-2026 RGS Exim - Hero Tejaraj Arad (Hero Trading Co.) Kiwi # MYRU4513673.pdf,M-106-2026,SURVEY,SURVEY_REPORT,KIWI,RGS Exim Pro,1,102,18,27 April 2026,3a23a2806daa4d4b
M-106-24B Aayush Impex (Kiwi Container No. CGMU5307712) - Destuffing.pdf,M-106-24B,SURVEY,SURVEY_REPORT,KIWI,F-28/29,1,36,10,7 January 2025,94c36bf3e0274093
M-107-2026 RGS Exim - Hero Tejaraj Arad (Hero Trading Co.) Kiwi # ALLU4500974.pdf,M-107-2026,SURVEY,SURVEY_REPORT,KIWI,RGS Exim Pro,1,230,38,27 April 2026,0797bd4d085be47c
M-107-24B HGS International - Kiwi Container No. FSCU5350588 - Destuffing.pdf,M-107-24B,SURVEY,SURVEY_REPORT,KIWI,Plot No. 3 and 7,1,23,10,10 January 2025,2ca1cb6d30ee1be3
M-111-24B Gyan Fruit Company Kiwi Container No. SZLU9443430.pdf,M-111-24B,SURVEY,SURVEY_REPORT,KIWI,House No. 59 Block - C New Subzi Mandi,1,25,11,17 January 2025,2d2b47e62bb15e45
M-118-2026 Gyan Fruits (SK Gyan Fruit SPA) Kiwi # OTPU6467082.pdf,M-118-2026,SURVEY,SURVEY_REPORT,KIWI,Gyan Fruit Company,1,122,22,19 May 2026,a3a513b6f7615347
M-119-2026 Gyan Fruits (SK Gyan Fruit SPA) Kiwi # YMLU5448630.pdf,M-119-2026,SURVEY,SURVEY_REPORT,KIWI,Gyan Fruit Company,1,172,29,19 May 2026,f27c9d12db659467
M-120-2026 Gyan Fruits (SK Gyan Fruit SPA) Kiwi # YMLU5511270.pdf,M-120-2026,SURVEY,SURVEY_REPORT,KIWI,Gyan Fruit Company,1,196,32,19 May 2026,72229c2a96a0cc58
M-120-24B Nexgen Fruit Fresh Kiwi Container No. OOLU6522910.pdf,M-120-24B,SURVEY,SURVEY_REPORT,KIWI,Office no 325,1,28,14,16 January 2025,af995d52637dedf8
M-121-2026 Gyan Fruit (SK Gyan Fruit SPA) Kiwi # YMLU5492530.pdf,M-121-2026,SURVEY,SURVEY_REPORT,KIWI,Gyan Fruit Company,1,204,34,21 May 2026,4eb8fdf6e5db3a5c
M-124-2025 RB Fruitech - Kiwi Container No. OTPU6693120.pdf,M-124-2025,SURVEY,SURVEY_REPORT,KIWI,R B Fruitech Private Limited,1,46,14,19 July 2025,6f6caa61e0f2712f
M-125-2025 RB Fruitech - Kiwi Container No. SZLU9755973.pdf,M-125-2025,SURVEY,SURVEY_REPORT,KIWI,R B Fruitech Private Limited,1,32,13,19 July 2025,00fe7eb129f0c1e1
M-126-2025 RB Fruitech - Kiwi Container No. SEGU9762217.pdf,M-126-2025,SURVEY,SURVEY_REPORT,KIWI,R B Fruitech Private Limited,1,40,14,19 July 2025,420fe11ee8b018e4
M-127-25B Nexgen Fruit Fresh Kiwi Container No. TTNU8675797 - QC Inspection Report.pdf,M-127-25B,QC,QC_REPORT,KIWI,Nexgen Fresh Private Limited,1,26,9,31 January 2025,a1c474c432e8b568
M-132-2026 Gyan Fruits (SK Gyan Fruit SPA) Kiwi # OTPU6475133.pdf,M-132-2026,SURVEY,SURVEY_REPORT,KIWI,Gyan Fruit Company,1,220,37,10 June 2026,66e3c0a2e74170c3
M-133-2026 Gyan Fruits (SK Gyan Fruit SPA) Kiwi # YMLU5902085.pdf,M-133-2026,SURVEY,SURVEY_REPORT,KIWI,Gyan Fruit Company,1,228,38,10 June 2026,d4f1706c295725ea
M-134-2026 Gyan Fruits (SK Gyan Fruit SPA) Kiwi # OTPU6470403.pdf,M-134-2026,SURVEY,SURVEY_REPORT,KIWI,Gyan Fruit Company,1,230,38,14 June 2026,f3bc2389a90ac1c9
M-135-2026 Gyan Fruits (SK Gyan Fruit SPA) Kiwi # YMLU5527214.pdf,M-135-2026,SURVEY,SURVEY_REPORT,KIWI,Gyan Fruit Company,1,224,38,13 June 2026,ce12be911e298448
M-2-2025 Fresh Fruit Alliances - Kiwi Container # KKFU6721770.pdf,M-2-2025,SURVEY,SURVEY_REPORT,KIWI,Fresh Fruit Alliances Private Limited,1,46,11,12 February 2025,eb6acd3a3f5492db
M-35-2025 Fresh Fruit Alliances - Kiwi Container No. JXLU5822345.pdf,M-35-2025,SURVEY,SURVEY_REPORT,KIWI,Fresh Fruit Alliances Private Limited,1,17,9,28 March 2025,0d6819346706cfca
M-42-2025 Gyan Fruit Company - Kiwi Container No. SEGU9820648.pdf,M-42-2025,SURVEY,SURVEY_REPORT,KIWI,Gyan Fruit Company,1,21,10,18 April 2025,31e1754524909264
M-47-2025 - Laxmi Enterprises - Kiwi Container No. SEKU9189049.pdf,M-47-2025,SURVEY,SURVEY_REPORT,KIWI,Lakshmi Enterprises,1,21,10,18 April 2025,35c26e91bf375ef6
M-48-2025 Laxmi Enterprises - Kiwi Container No. SEKU9150643.pdf,M-48-2025,SURVEY,SURVEY_REPORT,KIWI,Lakshmi Enterprises,1,20,9,26 April 2025,53870149c6d9f4e2
M-5-2025 Gyan Fruit Company Kiwi Container No. OTPU6004025.pdf,M-5-2025,SURVEY,SURVEY_REPORT,KIWI,Gyan Fruit Company,1,34,11,20 February 2025,7f3df9b43e8f3753
M-7-2025 Gyan Fruit Company - Kiwi Container # FBIU5486531.pdf,M-7-2025,SURVEY,SURVEY_REPORT,KIWI,Gyan Fruit Company,1,23,11,12 February 2025,77fab5f37c5f3de9
M-79-24B R B Fruitech Pvt.Ltd (Kiwi Container No. OTPU6187501).pdf,M-79-24B,SURVEY,SURVEY_REPORT,KIWI,R B Fruitech Private Limited,1,31,11,12 December 2024,3cb49e648f52cded
MCAPL-021-24B RB Fruitech Pvt. Ltd (Kiwi).pdf,MCAPL-021-24B,SURVEY,SURVEY_REPORT,KIWI,B-154,1,25,12,31 July 2024,6a40250792c238c9
MCAPL-026-24B RB Fruitech Pvt. Ltd (Kiwi) # FSCU5934914.pdf,MCAPL-026-24B,SURVEY,SURVEY_REPORT,KIWI,B-154,1,27,12,31 July 2024,b9330fcd076807cf
MCAPL-027-24B RB Fruitech Pvt. Ltd (Kiwi) # SEKU9080335.pdf,MCAPL-027-24B,SURVEY,SURVEY_REPORT,KIWI,B-154,1,29,12,31 July 2024,0ab003b835c83c53
M-1-2026 Gajumal Mulchand (Shandong Goodfarmer) Mandarin Container No. EMCU5657715.pdf,M-1-2026,SURVEY,SURVEY_REPORT,MANDARIN,Gajumal Mulchand Fruits Pvt.Ltd,1,140,22,27 February 2026,e30f72c83e8e51d8
M-101-2026 NGK Trading (Safesco South Africa Pty.Ltd) Mandarin # CHIU9031930.pdf,M-101-2026,SURVEY,SURVEY_REPORT,MANDARIN,NGK Trading Company Pvt.Ltd,1,128,21,11 June 2026,40f21388e1773d36
M-103-2026 Gajumal Mulchand (The Fresh Connection) Mandarin # TRIU8495465.pdf,M-103-2026,SURVEY,SURVEY_REPORT,MANDARIN,Gajumal Mulchand Fruits Pvt.Ltd,1,132,21,15 June 2026,55361a0a4fb34760
M-104-2026 Daily Harvest (Afresco South Africa) Mandarin & Oranges # SZLU9932560.pdf,M-104-2026,SURVEY,SURVEY_REPORT,MANDARIN,Daily Harvest,1,222,33,24 June 2026,312b27e0664b5799
M-110-2026 Gajumal Mulchand (The Fresh Connection) Mandarin # CGMU5533387.pdf,M-110-2026,SURVEY,SURVEY_REPORT,MANDARIN,Gajumal Mulchand Fruits Pvt.Ltd,1,124,20,1 June 2026,cf362a9ecae1dfd9
M-111-2026 Gajumal Mulchand (The Fresh Connection) Mandarin # TRIU8495465.pdf,M-111-2026,SURVEY,SURVEY_REPORT,MANDARIN,Gajumal Mulchand Fruits Pvt.Ltd,1,120,20,15 June 2026,f75d47f5255b9ce8
M-126-2026 Daily Harvest (Safresco South Africa) Mandarin # CGMU5634274 (Taloja).pdf,M-126-2026,SURVEY,SURVEY_REPORT,MANDARIN,Daily Harvest,1,170,26,19 July 2026,6a7901c9d89972f9
M-127-2026 Anusaya Fresh (Songbird Produce) Mandarin # OERU4314626.pdf,M-127-2026,SURVEY,SURVEY_REPORT,MANDARIN,Anusaya Fresh India Private Limited,1,172,27,12 July 2026,d3039b5a72be057f
M-128-2026 Anusaya Fresh (Songbird Produce) Mandarin # TXGU9026107.pdf,M-128-2026,SURVEY,SURVEY_REPORT,MANDARIN,Anusaya Fresh India Private Limited,1,230,33,12 July 2026,fc312b8729b7032f
M-152-2025 Taj Traders Mandarins Container No. ZMOU8894318.pdf,M-152-2025,SURVEY,SURVEY_REPORT,MANDARIN,Taj Traders,1,38,14,13 September 2025,22b81b3885d49fb1
M-3-2026 Gajumal Mulchand (Shaanxi Fofan Int.) Mandarin Container Nos. SZLU9370930 & FSCU5895058.pdf,M-3-2026,SURVEY,SURVEY_REPORT,MANDARIN,Gajumal Mulchand Fruits Pvt.Ltd,2,138,22,13 March 2026,3d4f4304ad990175
M-4-2026 Gajumal Mulchand (Shaanxi Fofan Int.) Mandarin Container Nos. FBIU5368987 & FBIU5103777.pdf,M-4-2026,SURVEY,SURVEY_REPORT,MANDARIN,Gajumal Mulchand Fruits Pvt.Ltd,2,216,34,13 March 2026,868aea55addc915b
M-5-2026 Gajumal Mulchand (Nanfeng Jerrie) Mandarin Container No. OTPU6831580.pdf,M-5-2026,SURVEY,SURVEY_REPORT,MANDARIN,Gajumal Mulchand Fruits Pvt.Ltd,1,154,24,9 March 2026,cba9c4db03c97f73
M-51-2025 Fresh Fruit Alliances - Mandarins Container No. FSCU5919057.pdf,M-51-2025,SURVEY,SURVEY_REPORT,MANDARIN,Fresh Fruit Alliances Pvt Limited,1,16,11,20 May 2025,63b526cf707de34c
M-62-2025 Anusaya Fresh - Mandarins Container No. MNBU4384989.pdf,M-62-2025,SURVEY,SURVEY_REPORT,MANDARIN,Anusaya Fresh India Private Limited,1,19,10,11 June 2025,dcd055611594cf10
M-63-2026 Fresh Harvest (Shandong Taifeng Commercial Group. Co.Ltd) Mandarin Container No. EMCU5682153.pdf,M-63-2026,SURVEY,SURVEY_REPORT,MANDARIN,Fresh Harvest Delhi,1,182,26,28 April 2026,a7ab449cc64e1bd9
M-82-2026 NGK Trading (Safresco South Africa Pty. Ltd) Mandarin Container No. CGMU5820941.pdf,M-82-2026,SURVEY,SURVEY_REPORT,MANDARIN,NGK Trading Company Pvt.Ltd,1,200,30,24 May 2026,3b1bc83209ad3f7f
M-85-2026 NGK Trading (Safesco South Africa Pty.Ltd) Mandarin # SZLU7034005.pdf,M-85-2026,SURVEY,SURVEY_REPORT,MANDARIN,NGK Trading Company Pvt.Ltd,1,106,18,29 May 2026,99601f6affe3823b
M-86-2026 NGK Trading (Safesco South Africa Pty.Ltd) Mandarin # CXRU1321530.pdf,M-86-2026,SURVEY,SURVEY_REPORT,MANDARIN,NGK Trading Company Pvt.Ltd,1,106,20,29 May 2026,8dd1715c461c6479
M-87-2026 NGK Trading (Safesco South Africa Pty.Ltd) Mandarin # AMCU9394720.pdf,M-87-2026,SURVEY,SURVEY_REPORT,MANDARIN,NGK Trading Company Pvt.Ltd,1,138,22,29 May 2026,fffc1ec9f05c4fd3
M-88-2026 Gajumal Mulchand (The Fresh Connection) Mandarin # CGMU5533387.pdf,M-88-2026,SURVEY,SURVEY_REPORT,MANDARIN,Gajumal Mulchand Fruits Pvt.Ltd,1,148,23,1 June 2026,559b683eb732a803
MCAPL-024-24B Mahira International - Mandarins Container No. MNBU3142893 (Revised).pdf,MCAPL-024-24B,SURVEY,SURVEY_REPORT,MANDARIN,Office 1208,1,19,9,2 September 2024,e528aeaa003dc7f1
MCAPL-025-24B Mahira International - Mandarins Container No. MMAU1005547.pdf,MCAPL-025-24B,SURVEY,SURVEY_REPORT,MANDARIN,Office 1208,1,30,9,2 September 2024,4918168a0a11a487
M-114-2026 RK & Co. (International Fruit Pty. Ltd) Orange # SZLU5058040.pdf,M-114-2026,SURVEY,SURVEY_REPORT,ORANGE,RK & Co. Azadpur,1,473,63,6 July 2026,b56c11f4401df878
M-117-24B Gajumal Mulchand 2 x Orange Containers # BMOU9304114 & FBIU5168490.pdf,M-117-24B,SURVEY,SURVEY_REPORT,ORANGE,No.24 New Fruit Market,2,126,18,19 February 2025,3ab53eb7a0e3a242
M-124-24B Gajumal Mulchand # CGMU5244975 & SZLU9191282 - Orange.pdf,M-124-24B,SURVEY,SURVEY_REPORT,ORANGE,No.24 New Fruit Market,2,123,16,15 February 2025,6815d9e8d52a7818
M-128-2025 Reliance Retail Ltd - Orange Container No. OTPU6371355.pdf,M-128-2025,SURVEY,SURVEY_REPORT,ORANGE,Reliance Retail Ltd,1,37,14,18 September 2025,41fb90e0a14863b4
M-129-2025 Gyan Fruit Company - Orange Container # MNBU4019013.pdf,M-129-2025,SURVEY,SURVEY_REPORT,ORANGE,Gyan Fruit Company,1,39,14,15 September 2025,e1e1740cabb99c81
M-132-2025 Gyan Fruit Orange Container No. ONEU9089675.pdf,M-132-2025,SURVEY,SURVEY_REPORT,ORANGE,Gyan Fruit Company,1,46,11,2 October 2025,4e9c714b9f38f7c7
M-135-2025 - NGK Trading Company Pvt.Ltd - Orange Container No. MEDU9180821.pdf,M-135-2025,SURVEY,SURVEY_REPORT,ORANGE,NGK Trading Company Pvt.Ltd,1,46,12,12 August 2025,cb890163e47fa499
M-136-2025 - NGK Trading Company Pvt.Ltd - Orange Container No. OTPU6509172.pdf,M-136-2025,SURVEY,SURVEY_REPORT,ORANGE,NGK Trading Company Pvt.Ltd,1,49,12,12 August 2025,cc2d403015e57367
M-138-2025 NGK Trading Company Pvt.Ltd - Orange Container No. SEGU9629077.pdf,M-138-2025,SURVEY,SURVEY_REPORT,ORANGE,NGK Trading Company Pvt.Ltd,1,40,13,18 August 2025,5a569639e8b03430
M-139-2025 NGK Trading Company Pvt.Ltd - Orange Container No. SZLU9260948.pdf,M-139-2025,SURVEY,SURVEY_REPORT,ORANGE,NGK Trading Company Pvt.Ltd,1,53,12,18 August 2025,4d9157013d0748d8
M-140-2025 NGK Trading Company Pvt.Ltd - Orange Container No. SEGU9456650.pdf,M-140-2025,SURVEY,SURVEY_REPORT,ORANGE,NGK Trading Company Pvt.Ltd,1,46,12,22 August 2025,0ed59f8c94c635be
M-144-2025 Archana Enterprise Orange Container No. HLBU9067144.pdf,M-144-2025,SURVEY,SURVEY_REPORT,ORANGE,Archana Enterprises,1,41,11,29 August 2025,cfaaabcebe4811fe
M-145-2025 Archana Enterprise Orange Container No. HLBU9411028.pdf,M-145-2025,SURVEY,SURVEY_REPORT,ORANGE,Archana Enterprises,1,37,12,29 August 2025,ae2ece9bdae14ed7
M-146-2025 Gajumal Mulchand Orange Container No. CGMU5803836 (Bangalore).pdf,M-146-2025,SURVEY,SURVEY_REPORT,ORANGE,Gajumal Mulchand Fruits Pvt.Ltd,1,26,11,25 August 2025,e17a28fd09de6bed
M-147-2025 Gajumal Mulchand Orange Container No. TTNU8888473 (Bangalore).pdf,M-147-2025,SURVEY,SURVEY_REPORT,ORANGE,Gajumal Mulchand Fruits Pvt.Ltd,1,28,14,16 September 2025,6d684aa1ab9b8ba9
M-149-2025 - NGK Trading Orange Container No. CGMU5734458.pdf,M-149-2025,SURVEY,SURVEY_REPORT,ORANGE,NGK Trading Company Pvt.Ltd,1,38,11,4 September 2025,4c89062babc1f1b8
M-153-2025 Archana Enterprise Orange 2 Container Nos. OTPU6343688 & CGMU6578869.pdf,M-153-2025,SURVEY,SURVEY_REPORT,ORANGE,Archana Enterprises,2,205,20,25 September 2025,590ef01c375ffb7b
M-168-2025 NGK Trading Orange Container No. OTPU6058274.pdf,M-168-2025,SURVEY,SURVEY_REPORT,ORANGE,NGK Trading Company Pvt.Ltd,1,40,11,1 September 2025,bca2c9e9a181bd83
M-169-2025 NGK Trading Orange Container No. TEMU9315750.pdf,M-169-2025,SURVEY,SURVEY_REPORT,ORANGE,NGK Trading Company Pvt.Ltd,1,33,9,2 September 2025,4af4a9bbf594d7dc
M-171-2025 Gyan Fruit Orange Container No. MMAU1030581.pdf,M-171-2025,SURVEY,SURVEY_REPORT,ORANGE,Gyan Fruit Company,1,26,11,14 October 2025,5e0725b3314b8be8
M-175-2025 Gyan Fruit Orange Container No. TTNU8144363.pdf,M-175-2025,SURVEY,SURVEY_REPORT,ORANGE,Taj Traders,1,45,11,8 October 2025,3d8ba9b523c6dc6d
M-179-2025 Sarlachem India 2 Orange Container Nos. MEDU9077238 & TRIU8786413.pdf,M-179-2025,SURVEY,SURVEY_REPORT,ORANGE,Sarlachem India Pvt.Ltd,2,0,19,13 September 2025,2406fce7a29111de
M-180-2025 Shri Blaji Fruits Orange Container No. MNBU0262982.pdf,M-180-2025,SURVEY,SURVEY_REPORT,ORANGE,Shri Balaji Fruits Pvt.Ltd,1,0,11,18 September 2025,b370b4de9c419e3b
M-181-2025 Sarlachem India Orange Container No. MEDU9746225.pdf,M-181-2025,SURVEY,SURVEY_REPORT,ORANGE,Sarlachem India Pvt.Ltd,1,0,11,18 September 2025,6c655608735bca75
M-246-2025 Reliance Retail Ltd - Orange & Mandarin Container No. SEGU9732043.pdf,M-246-2025,SURVEY,SURVEY_REPORT,ORANGE,Reliance Retail Ltd,1,218,31,4 February 2026,165d83d706642476
M-25-2025 Fresh Fruit Alliances - Orange Container No. OOLU6298538.pdf,M-25-2025,SURVEY,SURVEY_REPORT,ORANGE,Fresh Fruit Alliances Private Limited,1,95,11,14 April 2025,cf11fcea2e9665a1
M-257-2025 Reliance Retail Orange & Mandarin Container No. ONLU8002983.pdf,M-257-2025,SURVEY,SURVEY_REPORT,ORANGE,Reliance Retail Ltd,1,110,18,13 February 2026,230eb1b3b693ee66
M-30-2026 Reliance Retail (Agromoon for Import & Export) Orange Container No. TRKU1100323.pdf,M-30-2026,SURVEY,SURVEY_REPORT,ORANGE,Reliance Retail Ltd,1,184,27,3 April 2026,36ba5dc1a0782b00
M-33-2025 Gyan Fruit Company - Orange Container # SEGU9378367.pdf,M-33-2025,SURVEY,SURVEY_REPORT,ORANGE,No. 59 Block- C. New Subzi Mandi,1,22,9,3 May 2025,4d6a16e79be177c4
M-53-24B Aayush Impex - Orange Container No. CGMU5576861.pdf,M-53-24B,SURVEY,SURVEY_REPORT,ORANGE,F28/29,1,20,8,22 October 2024,2104b6d42edb642d
M-54-24B Aayush Impex  - Orange Container No. AMCU9392142.pdf,M-54-24B,SURVEY,SURVEY_REPORT,ORANGE,F28/29,1,27,9,30 October 2024,a683019f3640fd23
M-62-24B Reliance Retail Ltd Orange Container No. CGMU5575654.pdf,M-62-24B,SURVEY,SURVEY_REPORT,ORANGE,5 TTC Industrial area,1,117,10,9 November 2024,e05699a851c178c5
M-68-2026 NGK Trading (Nile Establishment For International Trade Egypt) Orange Container No. HLBU9336475.pdf,M-68-2026,SURVEY,SURVEY_REPORT,ORANGE,NGK Trading Company Pvt.Ltd,1,168,29,18 April 2026,39253b3fd2af8b88
M-70-2026 Gajumal Mulchand (Citrus Agro For Packing) Orange Container No. ARKU5000935.pdf,M-70-2026,SURVEY,SURVEY_REPORT,ORANGE,Gajumal Mulchand Fruits Pvt.Ltd,2,138,21,20 April 2026,3f365fbab5ae2f6e
M-79-2026 Reliance Retail Ltd (Green Egypt Co.) Orange Container No. MNBU9042567.pdf,M-79-2026,SURVEY,SURVEY_REPORT,ORANGE,Reliance Retail Ltd,1,170,25,15 June 2026,52c8714843cd605f
M-89-2026 RK & Co. (Agro City Import & Export) Orange # ARKU5020124.pdf,M-89-2026,SURVEY,SURVEY_REPORT,ORANGE,RK & Co. Azadpur,1,182,28,9 May 2026,a001ec74d7020470
M-90-2026 AG International (AL Karma Foods) Orange # SZLU5022685.pdf,M-90-2026,SURVEY,SURVEY_REPORT,ORANGE,AG International,1,220,32,11 May 2026,11ef8fa67313cdd4
M-95-2026 RK & Co. (AL Sadat Global for Import and Export) Orange # OSKU9850173.pdf,M-95-2026,SURVEY,SURVEY_REPORT,ORANGE,RK & Co. Azadpur,1,244,37,9 May 2026,463c49438bbb1552
M-98-2026 Sunmoon Int. (Gauda For Agricultural) Oranges 2 # HLBU9537485 & SEGU9450672.pdf,M-98-2026,SURVEY,SURVEY_REPORT,ORANGE,Sunmoon International,2,212,32,11 April 2026,5f3e57fc9c0cec83
MCAPL-009-24B HGS International - 3 Containers Oranges.pdf,MCAPL-009-24B,SURVEY,SURVEY_REPORT,ORANGE,J 467,3,289,16,18 June 2024,299986ac2ea24c6a
MCAPL-015-24B Reliance Retail Ltd - 1 Container (Oranges).pdf,MCAPL-015-24B,SURVEY,SURVEY_REPORT,ORANGE,5 TTC Industrial area,1,199,10,29 July 2024,ef681f022ecd2954
MCAPL-38-24B Reliance Retail Ltd - (AMCU9305889 - Mandarin & Orange).pdf,MCAPL-38-24B,SURVEY,SURVEY_REPORT,ORANGE,5 TTC Industrial area,1,205,18,12 September 2024,3191adb850487943
M-145-2026 JB Exports (CapeSpan South Africa) # Pear TTNU8823430.pdf,M-145-2026,SURVEY,SURVEY_REPORT,PEAR,J B Exports,1,126,22,14 July 2026,6bea748ad353b861
M-146-2026 JB Exports (CapeSpan South Africa) # Pear MNBU4365926.pdf,M-146-2026,SURVEY,SURVEY_REPORT,PEAR,J B Exports,1,182,31,20 June 2026,7f7c524bd063b968
M-150-2025 HGS International Pear Container No. ONEU9147811.pdf,M-150-2025,SURVEY,SURVEY_REPORT,PEAR,HGS International,1,48,14,13 September 2025,cee0079c77162729
M-154-2025 Gyan Fruit Pear Container No. MNBU4623553.pdf,M-154-2025,SURVEY,SURVEY_REPORT,PEAR,Gyan Fruit Company,1,51,11,27 September 2025,2448dcff425c9485
M-155-2025 NGK Trading Pear Container No. MNBU3482173.pdf,M-155-2025,SURVEY,SURVEY_REPORT,PEAR,NGK Trading Company Pvt.Ltd,1,51,13,23 September 2025,0ad031154095bbd7
M-16-2026 Reliance Retail (Core Fruit (Pty) Ltd) Pear Container No. MNBU4213543.pdf,M-16-2026,SURVEY,SURVEY_REPORT,PEAR,Reliance Retail Ltd,1,166,28,23 March 2026,86dd645216c4ab54
M-163-2025 Reliance Pear Container No. MNBU3911299.pdf,M-163-2025,SURVEY,SURVEY_REPORT,PEAR,Reliance Retail Ltd,1,39,13,22 September 2025,7c78f27068b6f8dd
M-166-2025 Gyan Fruit Pear Container No. SEKU9071267.pdf,M-166-2025,SURVEY,SURVEY_REPORT,PEAR,Gyan Fruit Company,1,29,12,1 October 2025,a602121a93070223
M-167-2025 NGK Trading Pear Container No. MNBU4107161.pdf,M-167-2025,SURVEY,SURVEY_REPORT,PEAR,NGK Trading Company Pvt.Ltd,1,28,11,2 October 2025,fac935d95c5fed8f
M-174-2025 Reliance Pear Container No. MNBU0513244.pdf,M-174-2025,SURVEY,SURVEY_REPORT,PEAR,Reliance Retail Ltd,1,41,12,7 October 2025,f4c589978d674bfd
M-176-2025 Aashima Impex Pear Container Nos. SEKU9069104 & TTNU8096938.pdf,M-176-2025,SURVEY,SURVEY_REPORT,PEAR,Aashima Impex Private Limited,2,195,21,6 October 2025,6dc542e45c83bfa3
M-178-2025 NGK Trading Pear Container No. MNBU4302743.pdf,M-178-2025,SURVEY,SURVEY_REPORT,PEAR,NGK Trading Company Pvt.Ltd,1,39,12,15 October 2025,eae334f59b730107
M-194-2025 NGK Trading Pear Container No. MNBU3582531.pdf,M-194-2025,SURVEY,SURVEY_REPORT,PEAR,NGK Trading Company Pvt.Ltd,1,34,13,26/10/2025,158cb54445d6f739
M-196-2025 Reliance Retails Ltd - Pear Container No. MNBU0305549.pdf,M-196-2025,SURVEY,SURVEY_REPORT,PEAR,Reliance Retail Ltd,1,54,13,5 November 2025,5aa83aaf0a26116d
M-203-2025 Gajumal Mulchand Pear Container No. EGSU5064133.pdf,M-203-2025,SURVEY,SURVEY_REPORT,PEAR,Oxford Fruit (OPC) Private Limited,1,29,12,10 December 2025,03e295ab414a6983
M-204-2025 Oxford Fruit Pear Container No. OERU4024102.pdf,M-204-2025,SURVEY,SURVEY_REPORT,PEAR,Oxford Fruit (OPC) Private Limited,1,31,11,10 December 2025,eb73c3ffdbde0801
M-217-2025 NGK Trading Pear Container No. OOLU6487193.pdf,M-217-2025,SURVEY,SURVEY_REPORT,PEAR,NGK Trading Company Pvt.Ltd,1,37,12,11 December 2025,6ee7300bd3b7ad8b
M-218-2025 Gajumal Mulchand Pear Container No. EGSU5063902.pdf,M-218-2025,SURVEY,SURVEY_REPORT,PEAR,Oxford Fruit (OPC) Private Limited,1,10,13,3 January 2026,5801ba7358e0e36a
M-261-2025 Fresh Fruit Alliances Pear Container Nos. FBIU5692208 & FBIU5720660.pdf,M-261-2025,SURVEY,SURVEY_REPORT,PEAR,Fresh Fruit Alliances Private Limited,2,2111,52,18 December 2025,6d606a5bcdee2591
M-33-2026 Archana Enterprises (Zest Fruit (PTY) Ltd) Pear Container No. TTNU8138735.pdf,M-33-2026,SURVEY,SURVEY_REPORT,PEAR,Archana Enterprises,1,160,27,12 March 2026,b72caec46aa49640
M-34-2025 Reliance Retails Pear - Container No. SEGU9654531.pdf,M-34-2025,SURVEY,SURVEY_REPORT,PEAR,5 TTC Industrial Area Reliance Corporate Park,1,34,10,26 April 2025,cfc72376bf230b76
M-41-2026 NGK Fruits (GF Marketing Pty.Ltd) Pear Container No. OTPU6259113.pdf,M-41-2026,SURVEY,SURVEY_REPORT,PEAR,NGK Trading Company Pvt.Ltd,1,140,24,5 April 2026,00bf01e0c4411bd2
M-42-2026 NGK Fruits (GF Marketing Pty.Ltd) Pear Container No. CAIU5672463.pdf,M-42-2026,SURVEY,SURVEY_REPORT,PEAR,NGK Trading Company Pvt.Ltd,1,134,24,5 April 2026,e8193969b8cb1b8e
M-46-2026 Fresh Fruit Alliances (Fruitways Marketing (Pty) Ltd) Pear Fruit Container No. ONEU9214226.pdf,M-46-2026,SURVEY,SURVEY_REPORT,PEAR,Fresh Fruit Alliances Private Limited,1,146,25,06 February 2026,e1bab4849362aa37
"M-57-24B Reliance Retail Ltd - (3 x Pear Container Nos. MNBU4179388, MNBU00470374 & MNBU0363289).pdf",M-57-24B,SURVEY,SURVEY_REPORT,PEAR,5 TTC Industrial Area Reliance Corporate Park,2,323,24,16/09/2024,0f6f5b057a686b19
M-59-24B NGK Trading - (Pear Container No. MNBU0563780.pdf,M-59-24B,SURVEY,SURVEY_REPORT,PEAR,A-340 New Subzi Mandi,1,33,11,10 November 2024,c5353f7b62adf5d2
M-60-24B NGK Trading - (Pear Container No. MNBU0381889.pdf,M-60-24B,SURVEY,SURVEY_REPORT,PEAR,A-340 New Subzi Mandi,1,21,10,10 November 2024,c1af6ca8df1efc28
M-61-24B NGK Trading - Pear Container No. MNBU3640432.pdf,M-61-24B,SURVEY,SURVEY_REPORT,PEAR,A-340 New Subzi Mandi,1,35,13,13 October 2024,ee94e909380de793
M-66-2025 Reliance Retail Ltd - Pear Container No. MNBU3921358.pdf,M-66-2025,SURVEY,SURVEY_REPORT,PEAR,Reliance Retail Ltd,1,35,12,17 June 2025,6076f44627e58247
M-75-2026 Reliance Retail Ltd (Capespan South Africa (PTY) Ltd) Pear Container No. FSCU5735569.pdf,M-75-2026,SURVEY,SURVEY_REPORT,PEAR,Reliance Retail Ltd,1,184,31,30 April 2026,b1ba9bca95a8bd69
M-80-2026 NGK Trading (TYT Export SA) Pear Container No. PCIU6143360.pdf,M-80-2026,SURVEY,SURVEY_REPORT,PEAR,NGK Trading Company Pvt.Ltd,1,190,34,20 April 2026,f56129a816657123
M-85-2025 Reliance Retail - Pear Container No. MNBU3542842.pdf,M-85-2025,SURVEY,SURVEY_REPORT,PEAR,Reliance Retail Ltd,1,30,13,22 July 2025,2534e7e97cf55382
M-90-2025 Reliance Retail - Pear Container No. MNBU3550072.pdf,M-90-2025,SURVEY,SURVEY_REPORT,PEAR,Reliance Retail Ltd,1,29,12,14 July 2025,ec5307c1a0397ae6
MCAPL-019-24B RB Impex (Apple & Pear)  Typos Revised.pdf,MCAPL-019-24B,SURVEY,SURVEY_REPORT,PEAR,B-153,1,142,17,06/09/2024,2aef1f1c42407c61
MCAPL-37-24B Reliance Retail Ltd - (MNBU3410050 - Pear).pdf,MCAPL-37-24B,SURVEY,SURVEY_REPORT,PEAR,5 TTC Industrial Area Reliance Corporate Park,1,35,12,25 September 2024,7dd5fbd0e4bc63d1
M-102-2025 Pawanai Ventures - Plum Container No. SEGU 9979141.doc,M-102-2025,SURVEY,SURVEY_REPORT,PLUM,Pawanai Ventures,1,0,2,20 August 2025,6cceb2cf2d0e8860
M-102-2025 Pawanai Ventures - Plum Container No. SEGU 9979141.pdf,M-102-2025,SURVEY,SURVEY_REPORT,PLUM,Pawanai Ventures Private Limited,1,0,16,18 July 2025,6f0c272a166961a8
M-102-2025 Pawanai Ventures - Plum Container No. SEGU9979141.pdf,M-102-2025,SURVEY,SURVEY_REPORT,PLUM,Pawanai Ventures Private Limited,1,0,16,18 July 2025,8ee9fb66f11d693e
M-104-24B Parivid Impex International - Fresh Plums Container No. TEMU9834550.pdf,M-104-24B,SURVEY,SURVEY_REPORT,PLUM,Office no. 623,1,21,9,26 January 2025,4bf77786419dd20e
M-112-2025 Gajumal Mulchand Plum Container No. OOLU6501305 - (Bangalore).pdf,M-112-2025,SURVEY,SURVEY_REPORT,PLUM,Gajumal Mulchand Fruits Pvt Ltd,1,1,11,7 July 2025,f3403fac7462d1f4
M-115-2026 Gajumal Mulchand (Fruitceo) Plums # OTPU6901500 & SEGU9749405 Bangalore.pdf,M-115-2026,SURVEY,SURVEY_REPORT,PLUM,Gajumal Mulchand Fruits Pvt Ltd,3,334,56,26 June 2026,40086123fb240ac2
M-117-2026 Gajumal Mulchand (Qinglan Fruits) Plums # EMCU5982546.pdf,M-117-2026,SURVEY,SURVEY_REPORT,PLUM,Gajumal Mulchand Fruits Pvt Ltd,1,124,22,1 July 2026,f019e83a41a202a3
M-136-2026 Gajumal Mulchand (Qinglan Fruits) # Plum SZLU9756645 - Tamil Nadu.pdf,M-136-2026,SURVEY,SURVEY_REPORT,PLUM,Gajumal Mulchand Fruits Pvt Ltd,1,120,22,6 July 2026,5690ea0258572735
M-138-2026 SSB Overseas (Qinglan Fruits) # Plum EMCU5986270.pdf,M-138-2026,SURVEY,SURVEY_REPORT,PLUM,SSB Overseas LLP,1,182,30,14 July 2026,602a32acfae31229
M-139-2026 SSB Overseas - (Qinglan Fruits) # Plum EMCU5558630.pdf,M-139-2026,SURVEY,SURVEY_REPORT,PLUM,SSB Overseas LLP,1,178,29,14 July 2026,2d9292ab599121bf
M-140-2026 SSB Overseas - (Qinglan Fruits) # Plum EMCU5985530.pdf,M-140-2026,SURVEY,SURVEY_REPORT,PLUM,SSB Overseas LLP,1,162,27,15 July 2026,79ccb52a469f556d
M-141-2026 Gajumal Mulchand (Qinglan Fruits) # Plum EMCU5656581.pdf,M-141-2026,SURVEY,SURVEY_REPORT,PLUM,Gajumal Mulchand Fruits Pvt. Ltd,1,158,26,6 July 2026,be6d6b33dd7d3195
M-143-2026 Gajumal Mulchand (Qinglan Fruits) # Plum FSCU5968072 - Tamil Nadu.pdf,M-143-2026,SURVEY,SURVEY_REPORT,PLUM,Gajumal Mulchand Fruits Pvt Ltd,1,120,21,1 July 2026,08067dec76a1bfb9
M-144-2026 Gajumal Mulchand (Qinglan Fruits) # Plum TSTU8523120 & TSTU8535326 - Tamil Nadu.pdf,M-144-2026,SURVEY,SURVEY_REPORT,PLUM,Gajumal Mulchand Fruits Pvt Ltd,2,216,36,7 June 2026,2a1caefbe5c4f34f
M-184-2025 Yunnan Lantuo Plum Container No. FBIU5605857.pdf,M-184-2025,SURVEY,SURVEY_REPORT,PLUM,AG International,1,0,15,8 July 2025,04c1329c39d27913
M-205-2025 Anusaya Fresh Plum Container No. ONEU9274415.pdf,M-205-2025,SURVEY,SURVEY_REPORT,PLUM,Anusaya Fresh India Pvt. Ltd,1,1,11,3 November 2025,f8447e86c0c24315
M-21-2026 NGK Trading (Freshness First (Pty) Ltd Plum Container No. MNBU3926278.pdf,M-21-2026,SURVEY,SURVEY_REPORT,PLUM,A-340,1,248,40,30 March 2026,7725473b187f533b
M-214-2025 Fresh Fruit Alliances Plum Cointainer No. ONEU9426755.pdf,M-214-2025,SURVEY,SURVEY_REPORT,PLUM,Fresh Fruit Alliances Private Limited,1,1,13,21 November 2025,fd2c28b3f33a27c9
M-243-2025 Fresh Fruit Alliances Plum Cointainer No. CGMU5387446.pdf,M-243-2025,SURVEY,SURVEY_REPORT,PLUM,Fresh Fruit Alliances Private Limited,1,132,25,19 January 2026,8f2437119259dff8
M-32-2026 NGK Trading (Exportadora Del Sur S.A) Plum Container No. YMLU5489665.pdf,M-32-2026,SURVEY,SURVEY_REPORT,PLUM,A-340,1,148,26,27 February 2026,666911c4d5978eac
M-80-24B NGK Trading - Plum Container No. SUDU8178301.pdf,M-80-24B,SURVEY,SURVEY_REPORT,PLUM,NGK Trading Company Pvt.Ltd,1,27,10,9 January 2025,225f17ca6fc75e66
M-85-24B NGK Trading - Plum Container No. MNBU9176587.pdf,M-85-24B,SURVEY,SURVEY_REPORT,PLUM,NGK Trading Company Pvt.Ltd,1,35,10,9 January 2025,07cb2417bbab4695
M-92-24B NGK Trading - Plum Container No. MNBU3907180.pdf,M-92-24B,SURVEY,SURVEY_REPORT,PLUM,NGK Trading Company Pvt.Ltd,1,26,10,11 February 2025,308698ca47b70ebb
MCAPL-31-24B Gajumal Mulchand - (TEMU9322699 - Plum).pdf,MCAPL-31-24B,SURVEY,SURVEY_REPORT,PLUM,24 New Fruit Market,2,167,14,9 September 2024,16908ce9cc7762b2
