filename,report_number,heading_sequence
LEAD DRUMS IN CONTAINER.docx,,
G-1158-24B Crystal Crop Protection (PICC) PLA (Leakage drums in container).docx,,
G-1171-24B Swara Hygiene Pvt. Ltd..  (PICC) PLA - bags.docx,,
G-1183-24G AYM Syntex (Lead Marine - CPIC) Prelim Report - JUMBO BAGS - JUMBO BAGS.docx,,Background → COURSE OF EVENTS → Visit to Consignees Factory/warehouse → THE SILVER NITRATE TEST → Cost to mitigate further loss. → Surveyor’s Comments → Allegation of the consignee → ENCLOSURE
G-1183-24G AYM Syntex (Lead Marine - CPIC) Prelim Report JUMBO BAGS.docx,,Background → COURSE OF EVENTS → Visit to Consignees Factory/warehouse → THE SILVER NITRATE TEST → Cost to mitigate further loss. → Surveyor’s Comments → Allegation of the consignee → ENCLOSURE
G-1190-24B Ceat Limited (PICC) PLA - damaged case in container.docx,,
G-1202-24B Herald Publications (CNA) PLA - Machine.docx,,
G-1211-24B Pavna Goyal Auto {FRAdjusting - CPIC} PLA - Machine.docx,,
G-1253-24B Rahul Enterprises {Huatai Ins} PLA - Frauid.docx,,
G-1649-23B KLJ Resources (Vanway - PIng An) Final SR.docx,,
G-1941-22B Balkrishna Industries {DPS Ref No. IND-00223-HVT} 2nd PLA.docx,,GENERAL INFORMATION → container/cargo tracking → CIRCUMSTANCES → Nature of packing → List of Enclosures
G-2093-23B KSH International (National General) 2nd PLA - Copper Wire Coils.docx,,
G-2126-23B Kalpa Power (Huatai Shanghai Br.-China Taiping) 2nd PLA - PALLETS.docx,,
Gladstone SR No. G-1325-23B  {BT Ref No. GM-AN-230879} - Andritz Hydro Pinnapuram Stator Wounds -Timesheet.docx,,
Gladstone SR No. G-1325-23B {BT Ref No. GM-AN-230879} - Andritz Hydro Pinnapuram Stator Wounds -Timesheet.docx,,
Lashing Diagram.docx,,
Gladstone SR No. G-2190-23B {BT Ref No. 236966} - Andritz Hydro -Timesheet.docx,,
BARBUSS’ SURVEYS PROTOCOL.docx,,
Enclosure I - Letter of Protest.docx,,
G-2237-21B AGT Foods (Barbuss Global) Preliminary Report (NJ's Corrected).docx,,
G-1024-24B Narmada Pipes (Vanway - Ping An) PLA.docx,,
G-1109-23B Sheemit Agro {DPS Ref.No. IND-05323-LVDM} H.O PLA.docx,,GENERAL INFORMATION → SURVEY FINDINGS → Condition of the container: → Condition of the cargo: → EXTENT OF THE DAMAGE → CAUSE OF THE DAMAGE: → CONCLUSION
G-1372-23B Sabic Innovative (Taian) PLA.docx,,
G-1383-23B 20 Chemi Enterprises (Vanway - Ping An) PLA - new format.docx,,
G-1607-23G Sagar Polytechnik (Vanway-Ping An) PLA - Wet bags.docx,,
MITSUI CHEMICAL - JOINT SURVEY REPORT - 23-03-2024.docx,,
G-1337-23B 20 Microns (CPIC) PLA NEW FORMAT.docx,,
DP WORLD PORT PASS.docx,,PART A → PART - B → PART- C → Instructions:
Gladstone SR No. G-2192-23B {BT Ref No. 237505- KHS GmbH -Timesheet - 3 cases lashing inspection.docx,,
Gladstone SR No. G-2233-23G {BT Ref No. GM-IM-238050-24-JGI - SeaLand Project Logistics - Timesheet.docx,,
Gladstone SR No. G-1771-23B {BT Ref No. GM-IM-235096} - Coca Cola Hindusthan -Timesheet.docx,,
G-1870-23B  Andritz Hydro  (B&T Ref. GM-HK-235664-23-AZO) - Timesheet.docx,,
Gladstone SR No. G-2074-23B {BT Ref No. GM-IN-235449} KHS - Timesheet.docx,,
Gladstone SR No. G-2112-23B {BT Ref No. GM-HK-237296-24-CPR)  GmbH -Timesheet - 1 Damaged Case Inspection.docx,,
TOPPLED CASE FINDINGS.docx,,
Gladstone SR No. G-1766-23B - Hindusthan Coca Cola -Timesheet.docx,,
Gladstone SR No. G-2066-23B {BT Ref No. 236926} - Andritz Hydro Pinnapuram Stator Wounds -Timesheet.docx,,
SPOT JOINT SURVEY REPORT.docx,,
Gladstone SR No. G-2132-23G {BT Ref No. GM-IM-237160-24-JGI - SeaLand Project Logistics - Timesheet.docx,,
Gladstone SR No. G-1128-24B {BT Ref No. GM-IN-238624-24-CBO} KHS - Timesheet.docx,,
G-1915-22B Smooth Run (Huatai) Desktop Review Report.docx,,DESKTOP REVIEW REPORT NO. G/1915/22B
G-1379-23G Shakti Techtex (PICC) PLA.docx,,
G-2104-23B  Wockhardt Ltd (Huatai) PLA.docx,,
G-1887-22B Morde Foods (JLB) PLA.docx,,
G-1183-23B Ramdev - WP Joint Survey Report.docx,,
G-1514-23B Jewel Packaging {Vanway Global - Ping An} PLA - Aluminium Foil.docx,,
G-2115-21B TT Steel {Mitsui- Japan} H.O PLA.docx,,PRELIMINARY SURVEY REPORT NO. G/2115/21B → Background: → Our Survey: → Photographs taken during survey: → Condition Found during survey: → Cause of Damage:
G-2142-21B TT Steel {Mitsui- Japan} H.O Desktop Review Report.docx,,DESKTOP REVIEW REPORT NO. G/2142/21B → Background: → Photographs submitted by the consignees: → Cause of Damage:
G-2180-21B AVN Commodities (PICC) H.O PLA.docx,,"PRELIMINARY SURVEY REPORT NO. G/2180/21B → Background: → Joint Survey held at Saurashtra CFS, Mundra on 7 February 2022: → Joint Survey held at consignees’ factory at Gujarat on 8 February 2022: → Photographs taken during survey at the CFS and consignees’ factory:"
G-1398-23B Prasad Gwk Cooltech {PICC} PLA H.O TUBES.docx,,
G-1543-23B Macawber Beekay (Vanway-Ping An) PLA.docx,,
G-1406-22B Putzmiester Concret {DPS Ref No. IND-12922-JS} H.O PLA.docx,,GENERAL INFORMATION → container/cargo tracking → CIRCUMSTANCES → SURVEY FINDINGS → EXTENT OF THE DAMAGE → Nature of packing → CAUSE OF THE DAMAGE → List of Enclosures
G-1406-22B Putzmiester Concret {DPS Ref No. IND-12922-JS} PLA.docx,,GENERAL INFORMATION → container/cargo tracking → CIRCUMSTANCES → SURVEY FINDINGS → EXTENT OF THE DAMAGE → Nature of packing → CAUSE OF THE DAMAGE → CONCLUSION → List of Enclosures
G-1449-23B Phoolchand Bhagatsingh (Ping An - Vanway) PLA.docx,,
G-1586-23B Lupin Ltd (Vanway-Ping An) H.O PLA.docx,,
G-1586-23B Lupin Ltd (Vanway-Ping An) Second H.O PLA.docx,,
G-1654-23B Zentiva {Vanway-Ping An Ref No. VW16423-GY} PLA - Airport 2 drums leaky.docx,,
G-2025-22B Shanpar Industries {DPS Ref No. IND-02023-JS} PLA.docx,,GENERAL INFORMATION → container/cargo tracking → CIRCUMSTANCES → EXTENT OF THE DAMAGE → ature of packing → CAUSE OF THE DAMAGE: → List of Enclosures
G-2098-22B M.V. SCORPIO HONOR Photos.docx,,___________________________
previous report - IND09922HVT - rice loading.docx,,GENERAL INFORMATION → Vessel’s particulars → CIRCUMSTANCES → SURVEY FINDINGS → CONCLUSION
Option 2 - G-1382-22B Envision (PICC) - 3rd FINAL-WH【20240409.docx,,
G-2106-23G Adani Port (FTA24020103) PLA.docx,,
G-1434-23B MV International (Vanway Ref No. VW16923-AY) HO PLA.docx,,
G-1485-23B MV International (Vanway Global) H.O PLA.docx,,
G-1663-23B R B Impex (Vanway - CPIC) H.O Final.docx,,
G-1663-23B R B Impex (Vanway - CPIC) H.O PLA.docx,,
G-1680-23B Unifresh Exim (Vanway-Ping An) H.O PLA.docx,,
G-1706-23B HGS International (Vanway - CPIC) H.O Final.docx,,
Grapes Spot Survey Report - Unifresh Exim.docx,,"We undersigned personnel attended the consignee’s nominated cold storage (Crescent Cold Storage Pvt Ltd), situated at A-47/1, TTC Industrial Area, Mahape, Navi Mumbai, 400710, on 25 October 2023, to carry out the survey on the aforesaid consignment."
G-1666-23BW - Time Sheet.docx,,
G-1666-23BW R Fresh Import {WKW Ref. No. 554-23-35161-C} H.O.docx,,
G-1666-23BW R Fresh Import {Your Ref WKW Ref 554-23-35161-C}.docx,,
G-1664-23BW - Time Sheet - H.O Corrected.docx,,
G-1664-23BW Aeden Fruit (WKW Ref. No. 554-23-35043-C) H.O Corrected.docx,,
G-1749-23B R Fresh Imports (Chubb - Italy) H.O PLA.docx,,
LOP to ONE Line.docx,,
Parivid Impex (Independent Survey)  CHERRY FRUIT.docx,,INDEPENDENT THIRD-PARTY SURVEY INSPECTION → Background: → EXTENT OF THE DAMAGE
G-2151-21B Parivid Impex (DPS Ref.IND-02022-LS) PLA.docx,,GENERAL INFORMATION → SURVEY FINDINGS → Condition of the container → CAUSE OF THE DAMAGE → CONCLUSION
Dev Bhumi.docx,,GENERAL INFORMATION → SURVEY FINDINGS → 2.1 Condition of the container No. EMCU5337516 & CARGO: → Condition of the cargo → EXTENT OF THE DAMAGE → 2.2 Condition of the container No. EMCU5263218 & cargo: → Condition of the cargo → EXTENT OF THE DAMAGE → CAUSE OF THE DAMAGE:
G-1022-24B Aayush Impex (DPS Ref.IND-04324-MK) PLA.docx,,GENERAL INFORMATION → SURVEY FINDINGS → Condition of the container No. TTNU8102901 & cargo: → Condition of the cargo → Condition of the cargo → EXTENT OF THE DAMAGE → Condition of the container No. TEMU9170148 & cargo: → Condition of the cargo → Condition of the cargo → EXTENT OF THE DAMAGE → CAUSE OF THE DAMAGE: → CONCLUSION:
G-1057-24B Kashmir Fruit Bazar (DPS Ref. IND-05324-MK.) PLA.docx,,GENERAL INFORMATION → SURVEY FINDINGS → Condition of the container: → Condition of the cargo → EXTENT OF THE DAMAGE → CAUSE OF THE DAMAGE: → CONCLUSION
G-1335-23B Reliance Retail (DPS Ref No  IND-09123-NA PLA (Apple fruit).docx,,GENERAL INFORMATION → SURVEY FINDINGS → Condition of the container No.: HLBU9537612: → Condition of the cargo → EXTENT OF THE DAMAGE → Condition of the container No.: HLBU9748770: → Condition of the cargo → EXTENT OF THE DAMAGE → CAUSE OF THE DAMAGE:
G-1373-23 G. T. Fruitech (Vanway - Ping An) PLA Grapes.docx,,
G-1413-23B Aayush Impex {DPS REF No. IND-10923-EY} H.O APPLE.docx,,GENERAL INFORMATION → SURVEY FINDINGS → Condition of the container: → Condition of the cargo → Condition of the cargo → EXTENT OF THE DAMAGE → CAUSE OF THE DAMAGE: → CONCLUSION:
G-1601-23B HGS International (DPS Ref.No. IND-13123-NA) PLA.docx,,General information → Container details → Findings of inspection → Cargo value → Cargo value
G-1624-23B Scion Agricos (DPS Ref.No. IND-13523-EY) H.O PLA ORANGES.docx,,General information → Container details → Findings of inspection → Cargo value
G-2165-23B Reliance Retail (DPS Ref No  IND-03324-MK PLA (Apple fruit).docx,,GENERAL INFORMATION → SURVEY FINDINGS → Condition of the container No.: HLBU9537612: → Condition of the cargo → EXTENT OF THE DAMAGE → CAUSE OF THE DAMAGE:
G-2178-21B NKA Fruits {DPS Ref.No. IND-02322-LVDM} PLA APPLE.docx,,GENERAL INFORMATION → SURVEY FINDINGS → Condition of the container: → Condition of the cargo → EXTENT OF THE DAMAGE → CAUSE OF THE DAMAGE: → CONCLUSION
G-2212-21B Nexgen Krishak {DPS Ref.No. IND-02822-MDE) H.O PLA.docx,,GENERAL INFORMATION → SURVEY FINDINGS → Condition of the container: → Condition of the cargo → EXTENT OF THE DAMAGE → CAUSE OF THE DAMAGE: → CONCLUSION
G-2213-21B Reliance Retail {DPS Ref.No. IND-02722-LS) H.O PLA APPLE.docx,,GENERAL INFORMATION → SURVEY FINDINGS → Condition of the container → Condition of the cargo: → EXTENT OF THE DAMAGE → CAUSE OF THE DAMAGE: → CONCLUSION
Survey Report Template v4.docx,,General information → Container details → Findings of inspection → Cargo value
G-1476-23G (FTA Ref No. FTA23080550) PLA.docx,,
G-1476-23G Adani Port (FTA Ref No. FTA23080550) PLA.docx,,
G-1180-23B  CS FAITH - Hose Test Survey.docx,,
G-1717-22B UPL (Sompo Singapore) PLA.docx,,
G-1513-23G Sarla Performance Fibers (PICC) PLA.docx,,
G-1138-24G Ratnamani Metals & Tubes (Lead Marine) Prelim Report.docx,,Background → COURSE OF EVENTS → Visit to Consignees Factory/warehouse → THE SILVER NITRATE TEST → Cost to mitigate further loss → Surveyor’s Comments → Allegation of the consignee → ENCLOSURE
"Lead Marine (sample cargo damage , investigation report).docx",,Background → COURSE OF EVENTS → Visit to Consignees Factory/warehouse → THE SILVER NITRATE TEST → Cost to mitigate further loss. → Surveyor’s Comments → Allegation of the consignee → ENCLOSURE
G-1272-23B LG Electronics {WEC Ref. 2023-07-100315-HC} PLA Consolidated H.O.docx,,
G-1607-22B Grasim Industries (TKY Thailand) Desktop Review Report.docx,,DESKTOP REVIEW REPORT NO. G/1607/22B → :ULLAGE REPORT: → Ship Out –Turn quantity (In MT): → Ship –Shore Out–Turn (In MT):
DRAFT FINDINGS - Hettich Indore Survey date 24th May 2023.docx,,
FOR REF.docx,,
G-1381-23B Mahalaxmi Fab Tec (PICC) PLA H.O.docx,,
G-1516-23B GFCL EV Products {Victor Marine - Ping An} PLA.docx,,
G-1516-23B GFCL EV Products {Victor Marine - Ping An} Vanvey 2nd PLA.docx,,
G-1559-23B EVA Texo Fab (CPIC) H.O PLA.docx,,
G-1640-23G Additional List (revised list).docx,,
G-1676-22B Hyundai Constructions {Korhi} NJ'S Corrected PLA.docx,,
G-1932-22B India Kawasaki Motors (Tky Japan) destop review report.docx,,
G-1958-22B Bridgestone India (Mitsui Japan) PLA.docx,,
G-2107-22B Bliss GVS (DPS ref. IND-02723-IC) H.O PLA.docx,,GENERAL INFORMATION → container/cargo tracking → CIRCUMSTANCES → SURVEY FINDINGS → EXTENT OF THE DAMAGE → Nature of packing → CAUSE OF THE DAMAGE → List of Enclosures
G-2144-23B Silver Fish Steriliser (CPIC) PLA.docx,,
G-1280-23G Sappi - TSL ROSEMARY (DPS REF. IND-07523-HVT).docx,,GENERAL INFORMATION → Vessel’s particulars → circumstances → VESSEL’S ARrIVAL DETAILS → survey findings → Inspection of the cargo in the cargo holds → Inspection of lifting gear and arrangements → Shore equipment proposed to discharge the cargo → ischarging of cargo → Details of cargo discharge → Precautions taken during rain hours/time → Tally of discharge → Cargo Condition → Summary: → Photographs taken during discharging: → Transportation of the cargo from jetty to the warehouse → Condition of warehouse → Cargo handling at the warehouse → Storage of cargo at the warehouse → CONCLUSION
G-1280A-23G Sappi - TSL ROSEMARY (DPS REF. IND-07623-HVT).docx,,GENERAL INFORMATION → Vessel’s particulars → circumstances → VESSEL’S ARrIVAL DETAILS → survey findings → Inspection of the cargo in the cargo holds → Inspection of lifting gear and arrangements → Shore equipment proposed to discharge the cargo → discharging of cargo → Details of cargo discharge → Precautions taken during rain hours/time → Tally of discharge → Cargo condition → Summary: → Photographs taken during discharging: → Transportation of the cargo from jetty to the warehouse → Condition of warehouse → Cargo handling at the warehouse → Storage of cargo at the warehouse → CONCLUSION - Hold No. 5:
G-1198-23B SMI Coated Products {Fradjusting-CPIC} H.O PLA.docx,,
G-1467-23B Ceat Limited (Ping An - Vanway) PLA.docx,,
G-1770-22B Steinweg-Sharaf {RSA ME) PLA - Pipe bdl onboard damaged.docx,,
G-1004-23B LLC Eurochem (Vessel Sapodilla) H.O Corrected.docx,,
G-1004-23B Sapodilla PLA.docx,,
G-2024-23B M.V. LU YANG SHUN - Photos.docx,,
G-2024-23B Pre-Loading Report- LU YANG SHUN at Hazira.docx,,"___________________________ → M/V ""LU YANG SHUN"""
G-2024-23B M.V. LU YANG SHUN - Photos Report (H.O Corrected).docx,,
PMS24024 Cargo Condition Report-MV LU YANG SHUN (Final Version) H.O Corrected.docx,,
G-2054-22B Liberty Harvest H.O PLA.docx,,
Gladstone SR No. G-2092-23G {BT Ref No. GM-IM-236990-24-JGI - M.V. REGINE Timesheet.docx,,
G-1235-23B Labb LLB (Vessel ELARA) Survey Report - NJ's Corrected.docx,,
G-1235-23B Labb LLB (Vessel ELARA).docx,,
Vessel ELara - Damage Report.docx,,
G-1073-24B - MV AGIOS PORFYRIOS (DPS Ref. IND-03624-HVT).docx,,GENERAL INFORMATION → Vessel’s particulars → CIRCUMSTANCES → SURVEY FINDINGS
G-1234-23B Viterra India (Hamer Van).docx,,
CPIC G-1346-23 PLA.docx,,
G-1941-22B Balkrishna Industries {DPS Ref No. IND-00223-HVT} PLA.docx,,GENERAL INFORMATION → container/cargo tracking → CIRCUMSTANCES → EXTENT OF THE DAMAGE → Nature of packing → CAUSE OF THE DAMAGE: → List of Enclosures
G-1472-23B Sany Heavy Industry {DPS Ref No. IND-11623-JS} PLA.docx,,GENERAL INFORMATION → container/cargo tracking → CIRCUMSTANCES → SURVEY FINDINGS → EXTENT OF THE DAMAGE → Nature of packing → CAUSE OF THE DAMAGE / SHORTAGE → List of Enclosures
G-1044-23B Sappi - FEDERAL BALTIC (DPS Ref No. IND-04323-HVT) H.O PLA.docx,,GENERAL INFORMATION → Vessel’s particulars → circumstances → VESSEL’S ARrIVAL DETAILS → survey findings → Inspection of the cargo in the cargo holds → Inspection of lifting gear and arrangements → Shore equipment proposed to discharge the cargo → Discharging of cargo → Details OF CARGO DISCHARGE → Precautions taken during rain hours/time → Tally of discharge → Cargo condition → Photographs taken during discharging: → Transportation of the cargo from jetty to the warehouse → Condition of warehouse → Cargo handling at the warehouse → Storage of cargo at the warehouse → CONCLUSION
G-1044-23B Sappi - FEDERAL BALTIC (DPS).docx,,GENERAL INFORMATION → Vessel’s particulars → circumstances → VESSEL’S ARrIVAL DETAILS → survey findings → Inspection of the cargo in the cargo holds → Inspection of lifting gear and arrangements → Shore equipment proposed to discharge the cargo → Discharging of cargo → Details of cargo discharge → Precautions taken during rain hours/time → Tally of discharge → Survey findings summary as follow: → Cargo condition → Summary: → Photographs taken during discharging: → Transportation of the cargo from jetty to the warehouse → Condition of warehouse → Cargo handling at the warehouse → Storage of cargo at the warehouse
G-1091-23B Sappi - TSL ROSEMARY (DPS REF. IND-04823-HVT) H.O.docx,,GENERAL INFORMATION → Vessel’s particulars → circumstances → VESSEL’S ARrIVAL DETAILS → survey findings → Inspection of the cargo in the cargo holds → Inspection of lifting gear and arrangements → Shore equipment proposed to discharge the cargo → Discharging of cargo → Details of cargo discharge → Precautions taken during rain hours/time → Tally of discharge → Cargo condition → Summary: → Photographs taken during discharging: → Transportation of the cargo from jetty to the warehouse → Condition of warehouse → Cargo handling at the warehouse → Storage of cargo at the warehouse → CONCLUSION
G-2082-22B Sappi - TSL ROSEMARY (DPS) Checked by NJ.docx,,GENERAL INFORMATION → Vessel’s particulars → circumstances → VESSEL’S ARrIVAL DETAILS → survey findings → Inspection of the cargo in the cargo holds → Inspection of lifting gear and arrangements → Shore equipment proposed to discharge the cargo → Discharging of cargo → Details of cargo discharge → Precautions taken during rain hours/time → Tally of discharge → Survey findings summary as follow: → Cargo condition → Summary: → Photographs taken during discharging: → Transportation of the cargo from jetty to the warehouse → Condition of warehouse → Cargo handling at the warehouse → Storage of cargo at the warehouse
G-1027-23B MRK Foods (Tky-Malaysia) H.O PLA.docx,,
G-1555-23G Prashant Industrial Components (PICC) PLA.docx,,
G-1873-22B Fujifilm India (Tky Japan) PLA.docx,,
G-1875-22B Fujifilm India (Tky Japan) PLA.docx,,
G-1697-22B S. M. Auto Engineering (TMS-111-0822-133) PLA.docx,,
G-2129-23B LG Electronics {Hanil Surveyors} NJ's PLA.docx,,
G-1713-22B AST (DPS Ref No. IND-15722-RVH) Warehuse Inspection Report.docx,,
spot survey findings.docx,,
G-1713-22B AST (DPS Ref No. IND-15722-RVH) Warehuse Inspection Report.docx,,
G-1275-23BW Photos.docx,,
N-116-23W Pashupati Polypropylene (WK Webster ISA-Sing - Hanwha).docx,,
N-125-23W - Time Sheet.docx,,
G-1617-23G Reaghan Fashions (PICC) H.O PLA.docx,,
FRADJUSTING - Blank Joint Survey Form.docx,,
Spot Report - 17-12-2022 (Revised).docx,,
Spot Report - 19-12-2022 (Revised).docx,,
G-1064-21B Dev Bhumi (DPS Ref. No.IND-05021-FDR) PLA.docx,,GENERAL INFORMATION → SURVEY FINDINGS → Condition of the container: → Condition of the cargo → EXTENT OF THE DAMAGE → CAUSE OF THE DAMAGE: → CONCLUSION
G-1065-21B Dev Bhumi (DPS Ref. No. IND-05021-FDR) H.O PLA.docx,,GENERAL INFORMATION → SURVEY FINDINGS → Condition of the container: → Condition of the cargo → EXTENT OF THE DAMAGE → CAUSE OF THE DAMAGE: → CONCLUSION
G-1109-21B Dev Bhumi (DPS Ref. No. IND-05221-MDE) Container No. SEGU9207791 H.O PLA.docx,,GENERAL INFORMATION → SURVEY FINDINGS → Condition of the container: → Condition of the cargo → EXTENT OF THE DAMAGE → CAUSE OF THE DAMAGE: → CONCLUSION
G-1257 -21B Dev Bhumi (DPS Ref. No. IND-07521-LS) Container No. IKSU2521690.docx,,GENERAL INFORMATION → SURVEY FINDINGS → Condition of the container: → Condition of the cargo → EXTENT OF THE DAMAGE → CAUSE OF THE DAMAGE: → CONCLUSION
G-1424-21B Dev Bhumi (DPS Ref No. IND-15321-KDW) PLA  (7 Containers).docx,,GENERAL INFORMATION → SURVEY FINDINGS → Condition of the container No. TTNU8450342: → Condition of the cargo → EXTENT OF THE DAMAGE → Condition of the container No.CXRU1221995: → Condition of the cargo: → 3.3 EXTENT OF THE DAMAGE → Condition of the container No.:MORU1104305: → Condition of the cargo → 4.3 EXTENT OF THE DAMAGE → Condition of the container No.  cxru1178203: → Condition of the cargo → 5.3 EXTENT OF THE DAMAGE → Condition of the container No.  TTNU806677: → Condition of the cargo → 6.3 EXTENT OF THE DAMAGE → Condition of the container No.  fscu5690459: → Condition of the cargo → 7.3 EXTENT OF THE DAMAGE
G-1629-21B Dev Bhumi {DPS Ref. No. IND-16521-MDE) H.O PLA 8 Containers.docx,,GENERAL INFORMATION → SURVEY FINDINGS → Condition of the Container No. FSCU5753794: → Condition of the cargo → EXTENT OF THE DAMAGE → Condition of the Container No.SEGU9244666: → Condition of the cargo → EXTENT OF THE DAMAGE → Condition of the Container No.CXRU1142793: → Condition of the cargo → EXTENT OF THE DAMAGE → Condition of the Container No. OTPU6265630: → Condition of the cargo → EXTENT OF THE DAMAGE → Condition of the Container No.FSCU5861037: → Condition of the cargo → EXTENT OF THE DAMAGE → Condition of the Container No.FSCU5791433: → Condition of the cargo → EXTENT OF THE DAMAGE
HGS International - (Grapes).docx,,
G-1525-20B ORANGE - WITHOUT PREJUDICE JOINT SUREVY REPORT(DEV BHUMI).docx,,
JOINT SUREVY REPORT - Orange.docx,,
Orange Spot Survey Report - IG International.docx,,
Orange Spot Survey Report - HGS International.docx,,
Spot Report For Container No. CXRU1608109 - 21 July 2022.docx,,
23-08-2018= 2 containers.docx,,
8-8-2018 1st visit 3 containers Draft.docx,,
16 January 2023 - Machinery.docx,,
Orange Spot Survey Report - HGS (Checked by NJ Sir).docx,,
G-1632-23B Atif Fresh Fruits (CPIC) PLA - Mandarin.docx,,
Enclosure II - Preliminary Report.docx,,
Enclosure III - Final Report.docx,,
G-1347-22B Mahira International (Barbuss Global) Prelim - Apple.docx,,
G-1421-21B Sana Farm International (Barbuss Global) Final Report - Apple.docx,,
G-1421-21B Sana Farm International (Barbuss Global) Prelim.docx,,
LOP - Cosco Shipping Lines (India) Pvt. Ltd.docx,,
APPLE FRUIT LABELS.docx,,
"G-1386 -21B Dev Bhumi (DPS Ref. No. IND09721EY) Container No. FSCU5688657, MORU-0613870, TGHU9905548, TTNU8478057 & K.docx",,GENERAL INFORMATION → SURVEY FINDINGS → 2.1 Condition of the container No. FSCU5688657 & CARGO: → Condition of the cargo → EXTENT OF THE DAMAGE → 2.2 Condition of the container No. MORU0613870 & cargo: → Condition of the cargo → EXTENT OF THE DAMAGE → 2.3 Condition of the container No. TGHU9905548 & CARGO: → Condition of the cargo: → EXTENT OF THE DAMAGE → 2.4 Condition of the container No. TTNU8478057 & CARGO: → Condition of the cargo → EXTENT OF THE DAMAGE → 2.5 Condition of the container No. KKFU6980050 & CARGO: → Condition of the cargo → EXTENT OF THE DAMAGE → CAUSE OF DAMAGE: → CONCLUSION
G-1398-21B Shree Laxman {DPS Ref.No. IND-14821-LS} PLA.docx,,GENERAL INFORMATION → SURVEY FINDINGS → Condition of the container: → Condition of the cargo → EXTENT OF THE DAMAGE → CAUSE OF THE DAMAGE: → CONCLUSION
G-1514-21B Sarla Chem India {DPS REF. No. IND-11821-LS}.docx,,GENERAL INFORMATION → SURVEY FINDINGS → Condition of the container: → Condition of the cargo → Condition of the cargo → EXTENT OF THE DAMAGE → CAUSE OF THE DAMAGE: → CONCLUSION:
G-1903-23B Aayush Impex (Vanway - PING AN) H.O PLA.docx,,
1.) G-1517-20B G.T.Fruitech {DPS Ref.No. IND-13520-FDR) HO PLA - kiwi Container.docx,,GENERAL INFORMATION → SURVEY FINDINGS → Condition of the container: → Condition of the cargo → EXTENT OF THE DAMAGE → CAUSE OF THE DAMAGE: → CONCLUSION
CITRUS (PART 1-General Requirements) 2014.docx,,CONTENTS → PART 1:	GENERAL STANDARDS AND REQUIREMENTS → FOR CITRUS FRUIT → GENERAL STANDARDS AND REQUIREMENTS FOR → CITRUS FRUIT → QUALITY  AND FOOD SAFETY STANDARDS → Classes → Standards for classes → Physical hazards → Biological and chemical hazards → Chemical treatment → General → PACKING REQUIREMENTS → TRACEABILITY REQUIREMENTS → Determination of number of scale (excluding kumquats) → Determination of granulation (excluding kumquats) → Determination of the Brix content (exluding kumquats and lemons) → Determination of the length of kumquats → Verification of biological and chemical contamination compliance → Verification of chemical treatment compliance
G-1588-22B NGK Trading Co. {DPS Ref No.  IND-14722-CV  } PLA Blueberry.docx,,GENERAL INFORMATION → SURVEY FINDINGS → Condition of the container: → Condition of the cargo → EXTENT OF THE DAMAGE → CAUSE OF THE DAMAGE: → CONCLUSION
G-1861-20B D. Manivannan & Co. {DPS Ref No. IND-20020-MDE} PLA (Dragon).docx,,GENERAL INFORMATION → SURVEY FINDINGS → Condition of the container: → Condition of the cargo → EXTENT OF THE DAMAGE → CAUSE OF THE DAMAGE: → CONCLUSION
G-2097-20B Suri Agro {DPS Ref No. IND-02721-EY} Plums PLA.docx,,GENERAL INFORMATION → SURVEY FINDINGS → Condition of the container: → Condition of the cargo → EXTENT OF THE DAMAGE → CAUSE OF THE DAMAGE: → CONCLUSION
"Country wise import details in Mumbai, India.docx",,
1.) G-1517-20B G.T.Fruitech {DPS Ref.No. IND-13520-FDR) HO PLA - kiwi Container.docx,,GENERAL INFORMATION → SURVEY FINDINGS → Condition of the container: → Condition of the cargo → EXTENT OF THE DAMAGE → CAUSE OF THE DAMAGE: → CONCLUSION
G-1738-19B IG International - Preliminary Report-1.docx,,GENERAL INFORMATION → SURVEY FINDINGS → Condition of the container → CAUSE OF THE DAMAGE → CONCLUSION
G-1208-22B Dev Bhumi (DPS Ref No  IND-07122-FDR )  7 Containers  PLA (Apple) .docx,,GENERAL INFORMATION → SURVEY FINDINGS → Condition of the container No.: TEMU9181667: → Condition of the cargo → EXTENT OF THE DAMAGE → Condition of the container No.: TTNU8113547: → Condition of the cargo → EXTENT OF THE DAMAGE → Condition of the container No.:TRIU8270617: → Condition of the cargo → EXTENT OF THE DAMAGE → Condition of the container No.: OTPU6115707: → Condition of the cargo → EXTENT OF THE DAMAGE → Condition of the container No.: TEMU9137962: → Condition of the cargo → EXTENT OF THE DAMAGE → :Condition of the container No.:BMOU9647828: → Condition of the cargo → EXTENT OF THE DAMAGE
G-1407-21B Dev Bhumi (DPS Ref No IND-09521-EY) Multiple shipments one PLA.docx,,GENERAL INFORMATION → SURVEY FINDINGS → 2.1 Condition of the container No. SZLU9514940 & CARGO: → Condition of the cargo → EXTENT OF THE DAMAGE → 2.2 Condition of the container No. MEDU9872120 & cargo: → Condition of the cargo → EXTENT OF THE DAMAGE → 2.3 Condition of the container No. SZLU9182700 & cargo: → Condition of the cargo → EXTENT OF THE DAMAGE → 2.4 Condition of the container No. medu9686300 & cargo: → Condition of the cargo → EXTENT OF THE DAMAGE → 2.5 Condition of the container No. TTNU8378459 & cargo: → Condition of the cargo → EXTENT OF THE DAMAGE → CAUSE OF THE DAMAGE:
G-1409-21B Dev Bhumi (DPS Ref No. IND-10021-MDE)  Multiple Apple shipments PLA.docx,,GENERAL INFORMATION → SURVEY FINDINGS → 2.1 Condition of the container No. TTNU8244146 & CARGO: → Condition of the cargo → EXTENT OF THE DAMAGE → 2.2 Condition of the container No. TEMU9196332 & cargo: → Condition of the cargo: → EXTENT OF THE DAMAGE → 2.3 Condition of the container No. TCLU1395372 & cargo: → Condition of the cargo → EXTENT OF THE DAMAGE → 2.4 Condition of the container No. temu9157573 & cargo: → Condition of the cargo → EXTENT OF THE DAMAGE → 2.5 Condition of the container No. SEGU9314758 & cargo: → Condition of the cargo → EXTENT OF THE DAMAGE → 2.6 Condition of the container No.  CRXU1142670 & cargo: → Condition of the cargo → EXTENT OF THE DAMAGE
G-1449-21B  Dev Bhumi (DPS Ref No  IND-10321-MDE)  5 apple containers PLA.docx,,GENERAL INFORMATION → SURVEY FINDINGS → 2.1 Condition of the container No. NYKU7155913 & CARGO: → Condition of the cargo → EXTENT OF THE DAMAGE → 2.2 Condition of the container No. KKFU6745180 & cargo: → Condition of the cargo → EXTENT OF THE DAMAGE → 2.3 Condition of the container No. CXRU1178219 & cargo: → Condition of the cargo → EXTENT OF THE DAMAGE → 2.4 Condition of the container No. mORU1135179 & cargo: → Condition of the cargo → EXTENT OF THE DAMAGE → 2.5 Condition of the container No. TRIU8956870 & cargo: → Condition of the cargo → EXTENT OF THE DAMAGE → CAUSE OF THE DAMAGE:
G-1452-21B Dev Bhumi (DPS Ref No IND-15121-EY) Pear kiwi & Apple multiple shipments PLA.docx,,GENERAL INFORMATION → SURVEY FINDINGS → 2.1 Condition of the container No. SEGU9247198: → Condition of the cargo → EXTENT OF THE DAMAGE → 2.2 Condition of the container No. TTNU8486366 & cargo: → Condition of the cargo → EXTENT OF THE DAMAGE → 2.3 Condition of the container No. FCSU5883627 & cargo: → Condition of the cargo → EXTENT OF THE DAMAGE → 2.4 Condition of the container No. MORU1316731 & cargo: → Condition of the cargo → EXTENT OF THE DAMAGE → 2.5 Condition of the container No. TCLU1361325 & cargo: → Condition of the cargo → EXTENT OF THE DAMAGE → 2.6 Condition of the container No. MORU1101857 & cargo: → Condition of the cargo → EXTENT OF THE DAMAGE
G-1961-19B Parivid Impex (DPS Ref. IND-15019-KDW) Cherry Fruit PLA.docx,,GENERAL INFORMATION → SURVEY FINDINGS → Condition of the container → CAUSE OF THE DAMAGE → CONCLUSION
G-2067-17B (Your Ref. No. IND-00418-KM) Quality Inspection Report - Plums HO Corrected .docx,,
Quality Inspection report nectarines.docx,,
Quality Inspection report plums.docx,,
G-1162-18B Agro Worl (DPS Ref. No. IND-02918-EY) Quality Inspection Report - Grapes H.O Corrected.docx,,
G-1246-18B Defects to be measured grapes {DPS Ref No. IND-     -KM}.docx,,
G-1405-21B I G International (DPS Ref  No. IND-11221-FDR) PLA.docx,,GENERAL INFORMATION → SURVEY FINDINGS → 2.1 Condition of the container: → Condition of the cargo → EXTENT OF THE DAMAGE → CAUSE OF THE DAMAGE: → CONCLUSION
G-1706-23B HGS International (Vanway - CPIC) PLA - Grapes in cold storage.docx,,
Survey Report - Parivid Impex.docx,,INDEPENDENT THIRD-PARTY SURVEY REPORT → Background:
G-1512-21B NGK Trading Co {DPS REF. No. IND-12121-FDR} HO PLA.docx,,GENERAL INFORMATION → SURVEY FINDINGS → Condition of the container: → Condition of the cargo → Condition of the cargo → EXTENT OF THE DAMAGE → CAUSE OF THE DAMAGE: → CONCLUSION:
G-1514-21B Sarla Chem India {DPS REF. No. IND-11821-LS} Apple Cont Unloading - Naik.docx,,GENERAL INFORMATION → SURVEY FINDINGS → Condition of the container: → Condition of the cargo → Condition of the cargo → EXTENT OF THE DAMAGE → CAUSE OF THE DAMAGE: → CONCLUSION:
G-1397-21B Kamg Kisaan {DPS Ref.No. IND-13721-EY) PLA.docx,,GENERAL INFORMATION → SURVEY FINDINGS → Condition of the container: → Condition of the cargo → EXTENT OF THE DAMAGE → CAUSE OF THE DAMAGE: → CONCLUSION
G-1507-21B DB International (DPS Ref No. IND-11421-MDE) PLA Orange - Naik.docx,,GENERAL INFORMATION → SURVEY FINDINGS → Condition of the container: → Condition of the cargo → 5. EXTENT OF THE DAMAGE → CAUSE OF THE DAMAGE: → CONCLUSION
G-1408 -21B Dev Bhumi (DPS Ref. No IND-09821-MDE) Container No. TRIU8148996.docx,,GENERAL INFORMATION → SURVEY FINDINGS → Condition of the container: → Condition of the cargo → EXTENT OF THE DAMAGE → CAUSE OF THE DAMAGE: → CONCLUSION
G-1656-23B HGS International (Vanway - CPIC Ref No. VW27223-AY) PLA (Grapes).docx,,
G-1421-21B Sana Farm International  (Barbuss Global) Final Report - OLD Format.docx,,
G-2237-21B AGT Foods (Barbuss Global) Preliminary Report.docx,,
5) Letter to Agent.docx,,
Summarized for Remark.docx,,
grapes container destuffing.docx,,
G-1941-22B Balkrishna Industries {DPS Ref No. IND-00223-HVT} PLA.docx,,GENERAL INFORMATION → container/cargo tracking → CIRCUMSTANCES → EXTENT OF THE DAMAGE → Nature of packing → CAUSE OF THE DAMAGE: → List of Enclosures
G-1466A-22B Sany Heavy Industry {DPS Ref No. IND-13422-JS} Final Survey Report.docx,,GENERAL INFORMATION → container/cargo tracking → CIRCUMSTANCES → FINDINGS → EXTENT OF Shortage → Nature of packing → CAUSE OF THE SHORTAGE → List of Enclosures
DPS REPORT FORMAT查勘报告(简易版).docx,,GENERAL INFORMATION → container/cargo tracking → CIRCUMSTANCES → SURVEY FINDINGS → EXTENT OF THE DAMAGE → CAUSE OF THE DAMAGE → List of Enclosures
G-1460-22B Sany Heavy Industry {DPS Ref No. IND-13422-JS} PLA - 12 Policies Combined Reports.docx,,GENERAL INFORMATION → container/cargo tracking → CIRCUMSTANCES → SURVEY FINDINGS → EXTENT OF THE DAMAGE → Nature of packing → CAUSE OF THE DAMAGE → List of Enclosures
G-1526-21B Ratnamani Metals & Tubes {DPS Ref No. IND-13621-IC} PLA.docx,,GENERAL INFORMATION → container/cargo tracking → CIRCUMSTANCES → SURVEY FINDINGS → EXTENT OF THE DAMAGE → Nature of packing → CAUSE OF THE DAMAGE → List of Enclosures
G-1982-21B Shomi Libatt (DPS Ref No. IND-23721-JS).docx,,GENERAL INFORMATION → container/cargo tracking → CIRCUMSTANCES → SURVEY FINDINGS → EXTENT OF THE DAMAGE → CAUSE OF THE DAMAGE → List of Enclosures
G-2235-21B Sany Heavy Industry (DPS Ref No. IND-02922-JS).docx,,GENERAL INFORMATION → container/cargo tracking → CIRCUMSTANCES → SURVEY FINDINGS → EXTENT OF THE DAMAGE → CAUSE OF THE DAMAGE → List of Enclosures
G-1549-21B Sonkamal Enterprises (Desktop Report).docx,,DESKTOP REVIEW REPORT No. G/1549/21B
Order_NAIK_038.docx,,
Order_NAIK_039.docx,,
G-1225-23B Syova Seeds (U) Limited {FormTeam} PLA.docx,,
Annexure A G-1876-18B.docx,,
CRC REMARKS.docx,,A) Coils Outer rolling surface cover dented /wavy. → B) Coils Inner core cover dented /wavy → C) Coils Outer edge protecting ring dented → D) Coils Inner edge protecting ring dented/bent
Claim Bill letter.docx,,
Common remarks for CR Coils.docx,,
HOUSEHOLD SURVEY AT RESIDENCE.docx,,
Mumbai Poprt passes for 7 Days Pass Format.docx,,
Survey Handbooks links.docx,,
Without Prejudice.docx,,
wooden logs cause of damage.docx,,
5 DOCUMENTS LIST TO MASTER.docx,,
MR - CRC.docx,,FOR CARGO MATE’s RECEIPT → A) ___ Coils Outer wrapper dented / cut at places. → B) ___  Coils Inner wrapper dented / crimped / cut at places → C) ___  Coils Outer edge protecting ring dented → D) ___  Coils Inner edge protecting ring dented → H) ___ Coils rusty patches on rolling surface & metal Straps at places. → K) ___  Coils De-Shaped / pressed. → L) ___  Coils inner edge protecting ring partly rusty. → M) ___ Coils with rain water drops on rolling surface.
REPORT.docx,,"We the undersigned Ship, Marine and Cargo Surveyors, do hereby certify that at the request of 0M/s.                                                    Pvt. Ltd., Mumbai, vide their telcon reference No.                                   dated 5th June 2013, the local P & I Correspondent on behalf of the vessel’s P&I club, The               P & CLUB,                             and with the knowledge and consent of the vessel’s local agent and Master, attended onboard M. V. ‘                         ’ whilst she lay safely afloat and secured Port side alongside at                    berth, on                    2017 and subsequently thereafter until completion of loading of Steel Cargo in order to;"
G-1846-20BS Suzuki Motor Gujarat (Mitsui-Japan) H.O PLA.docx,,PRELIMINARY SURVEY REPORT NO. G/1846/20BS → Background: → Our Survey: → Condition Found during survey: → Condition Found during survey: → Cause of Damage:
G-1335-22B Aquatic Remedies {TMS} TMS Check List.docx,,
