filename,report_number,type,commodity,container_count,photo_count_approx,page_count_approx,date,content_hash
LEAD DRUMS IN CONTAINER.docx,,SURVEY,unknown,0,0,1,,03a155f6a43bfe40
G-1158-24B Crystal Crop Protection (PICC) PLA (Leakage drums in container).docx,,SURVEY,unknown,0,1,1,15 May 2024,ca541a854cfe224b
G-1171-24B Swara Hygiene Pvt. Ltd..  (PICC) PLA - bags.docx,,SURVEY,unknown,0,1,1,20 May 2024,29b19328704064ba
G-1183-24G AYM Syntex (Lead Marine - CPIC) Prelim Report - JUMBO BAGS - JUMBO BAGS.docx,,SURVEY,unknown,0,3,1,10 May 2024,ad0407af32f6415a
G-1183-24G AYM Syntex (Lead Marine - CPIC) Prelim Report JUMBO BAGS.docx,,SURVEY,unknown,0,3,1,10 May 2024,dcece7aefb374bae
G-1190-24B Ceat Limited (PICC) PLA - damaged case in container.docx,,SURVEY,unknown,0,3,1,25 May 2024,1a5dc86b8a9a7d9a
G-1202-24B Herald Publications (CNA) PLA - Machine.docx,,SURVEY,unknown,0,20,3,21 May 2024,1f591d017ae04b15
G-1211-24B Pavna Goyal Auto {FRAdjusting - CPIC} PLA - Machine.docx,,SURVEY,unknown,0,0,1,17 May 2024,dd43e7fa53351780
G-1253-24B Rahul Enterprises {Huatai Ins} PLA - Frauid.docx,,SURVEY,steel,2,4,2,23 May 2024,7c150b339b631e91
G-1649-23B KLJ Resources (Vanway - PIng An) Final SR.docx,,SURVEY,unknown,0,0,2,10 October 2023,9781c44301b314e9
G-1941-22B Balkrishna Industries {DPS Ref No. IND-00223-HVT} 2nd PLA.docx,,SURVEY,unknown,0,2,1,06 October 2022,0c3a1a616742aafe
G-2093-23B KSH International (National General) 2nd PLA - Copper Wire Coils.docx,,SURVEY,unknown,0,7,1,19 February 2024,b49e0615643d4ee8
G-2126-23B Kalpa Power (Huatai Shanghai Br.-China Taiping) 2nd PLA - PALLETS.docx,,SURVEY,unknown,0,4,1,28 February 2024,1de4ba747832329c
Gladstone SR No. G-1325-23B  {BT Ref No. GM-AN-230879} - Andritz Hydro Pinnapuram Stator Wounds -Timesheet.docx,,SURVEY,unknown,0,0,1,,e21e0999a101a979
Gladstone SR No. G-1325-23B {BT Ref No. GM-AN-230879} - Andritz Hydro Pinnapuram Stator Wounds -Timesheet.docx,,SURVEY,unknown,0,0,1,,5a92a018b526a565
Lashing Diagram.docx,,SURVEY,unknown,0,0,1,,5fdb5b149e7f1098
Gladstone SR No. G-2190-23B {BT Ref No. 236966} - Andritz Hydro -Timesheet.docx,,SURVEY,unknown,0,0,1,,927676f3a85b0347
BARBUSS’ SURVEYS PROTOCOL.docx,,SURVEY,unknown,0,0,2,,59a2d1b7438a9e2d
Enclosure I - Letter of Protest.docx,,SURVEY,unknown,0,0,1,,a3d03cbdd5f655eb
G-2237-21B AGT Foods (Barbuss Global) Preliminary Report (NJ's Corrected).docx,,SURVEY,unknown,0,2,2,,a30b8d859b5260bb
G-1024-24B Narmada Pipes (Vanway - Ping An) PLA.docx,,SURVEY,unknown,0,1,2,7 April 2024,42d1cd7969d97880
G-1109-23B Sheemit Agro {DPS Ref.No. IND-05323-LVDM} H.O PLA.docx,,SURVEY,unknown,0,7,1,5 May 2023,867365447fe48e66
G-1372-23B Sabic Innovative (Taian) PLA.docx,,SURVEY,unknown,1,2,2,31 July 2023,37db85c40c628284
G-1383-23B 20 Chemi Enterprises (Vanway - Ping An) PLA - new format.docx,,SURVEY,unknown,0,0,1,24 July 2023,b81c1a598d77e3ee
G-1607-23G Sagar Polytechnik (Vanway-Ping An) PLA - Wet bags.docx,,SURVEY,unknown,0,10,3,22 September 2023,c3b05dfa77adeafd
MITSUI CHEMICAL - JOINT SURVEY REPORT - 23-03-2024.docx,,SURVEY,unknown,0,0,1,23 March 2024,0b5264bfe1b82f6e
G-1337-23B 20 Microns (CPIC) PLA NEW FORMAT.docx,,SURVEY,unknown,0,0,1,10 July 2023,accd26b38bd43416
DP WORLD PORT PASS.docx,,SURVEY,unknown,0,0,1,,c0111e8d0c46919c
Gladstone SR No. G-2192-23B {BT Ref No. 237505- KHS GmbH -Timesheet - 3 cases lashing inspection.docx,,SURVEY,unknown,0,0,1,,fda4ef918c2e64b0
Gladstone SR No. G-2233-23G {BT Ref No. GM-IM-238050-24-JGI - SeaLand Project Logistics - Timesheet.docx,,SURVEY,unknown,0,0,1,,a4c6d63b7c9ccde1
Gladstone SR No. G-1771-23B {BT Ref No. GM-IM-235096} - Coca Cola Hindusthan -Timesheet.docx,,SURVEY,unknown,0,0,1,,9a66fcd36e33b913
G-1870-23B  Andritz Hydro  (B&T Ref. GM-HK-235664-23-AZO) - Timesheet.docx,,SURVEY,unknown,0,0,1,,768ea79fae9ac65b
Gladstone SR No. G-2074-23B {BT Ref No. GM-IN-235449} KHS - Timesheet.docx,,SURVEY,unknown,0,0,1,,667ef7625a2efdf2
Gladstone SR No. G-2112-23B {BT Ref No. GM-HK-237296-24-CPR)  GmbH -Timesheet - 1 Damaged Case Inspection.docx,,SURVEY,unknown,0,0,1,,13ced0d92d6e01c5
TOPPLED CASE FINDINGS.docx,,SURVEY,unknown,0,0,1,,3955dd7e344d2f7c
Gladstone SR No. G-1766-23B - Hindusthan Coca Cola -Timesheet.docx,,SURVEY,unknown,0,0,1,,7c718f21e939a934
Gladstone SR No. G-2066-23B {BT Ref No. 236926} - Andritz Hydro Pinnapuram Stator Wounds -Timesheet.docx,,SURVEY,unknown,0,0,1,,cf53e2980d6a3874
SPOT JOINT SURVEY REPORT.docx,,SURVEY,unknown,0,0,1,6 December 2023,6068be160598a35d
Gladstone SR No. G-2132-23G {BT Ref No. GM-IM-237160-24-JGI - SeaLand Project Logistics - Timesheet.docx,,SURVEY,unknown,0,0,1,,37b73d41d4910e05
Gladstone SR No. G-1128-24B {BT Ref No. GM-IN-238624-24-CBO} KHS - Timesheet.docx,,SURVEY,unknown,0,0,1,,2ebf2922450e6550
G-1915-22B Smooth Run (Huatai) Desktop Review Report.docx,,SURVEY,unknown,0,0,1,15 November 2022,c0f44d10845c5031
G-1379-23G Shakti Techtex (PICC) PLA.docx,,SURVEY,unknown,0,9,2,1 August 2023,3c179a0b6519ee9b
G-2104-23B  Wockhardt Ltd (Huatai) PLA.docx,,SURVEY,unknown,0,1,2,15 February 2024,4915ace2ed586153
G-1887-22B Morde Foods (JLB) PLA.docx,,SURVEY,unknown,0,13,8,20 December 2022,53995a5e69a17e01
G-1183-23B Ramdev - WP Joint Survey Report.docx,,SURVEY,unknown,0,0,1,7 June 2023,19587d451c95363f
G-1514-23B Jewel Packaging {Vanway Global - Ping An} PLA - Aluminium Foil.docx,,SURVEY,unknown,0,2,1,31 August 2023,89ecfebecbd52eed
G-2115-21B TT Steel {Mitsui- Japan} H.O PLA.docx,,SURVEY,unknown,0,1,2,17 December 2021,494238b80d54f207
G-2142-21B TT Steel {Mitsui- Japan} H.O Desktop Review Report.docx,,SURVEY,unknown,0,0,1,17 December 2021,9ae3c896ab5b1941
G-2180-21B AVN Commodities (PICC) H.O PLA.docx,,SURVEY,unknown,0,1,2,31 January 2022,6e613c142a30faf8
G-1398-23B Prasad Gwk Cooltech {PICC} PLA H.O TUBES.docx,,SURVEY,unknown,0,2,1,4 August 2023,6acc592a7910f235
G-1543-23B Macawber Beekay (Vanway-Ping An) PLA.docx,,SURVEY,unknown,0,0,1,12 September 2023,f043b26fccca8136
G-1406-22B Putzmiester Concret {DPS Ref No. IND-12922-JS} H.O PLA.docx,,SURVEY,unknown,0,11,2,10/06/2022,5f95a340b2894385
G-1406-22B Putzmiester Concret {DPS Ref No. IND-12922-JS} PLA.docx,,SURVEY,unknown,0,11,2,10/06/2022,5cdd37ba3465d160
G-1449-23B Phoolchand Bhagatsingh (Ping An - Vanway) PLA.docx,,SURVEY,unknown,0,2,1,17 August 2023,a9763c4142223f9f
G-1586-23B Lupin Ltd (Vanway-Ping An) H.O PLA.docx,,SURVEY,unknown,0,2,2,25 September 2023,36ff293f71a28026
G-1586-23B Lupin Ltd (Vanway-Ping An) Second H.O PLA.docx,,SURVEY,unknown,0,4,1,25 September 2023,a87f9f4b2e1fbec0
G-1654-23B Zentiva {Vanway-Ping An Ref No. VW16423-GY} PLA - Airport 2 drums leaky.docx,,SURVEY,unknown,0,0,1,9 October 2023,26b543d5e8eeb418
G-2025-22B Shanpar Industries {DPS Ref No. IND-02023-JS} PLA.docx,,SURVEY,unknown,0,9,2,18 January 2023,e3598d6bbb4ff289
G-2098-22B M.V. SCORPIO HONOR Photos.docx,,SURVEY,unknown,0,0,1,,164e6349a54a9171
previous report - IND09922HVT - rice loading.docx,,SURVEY,steel,0,0,3,,7a677178c2d51702
Option 2 - G-1382-22B Envision (PICC) - 3rd FINAL-WH【20240409.docx,,SURVEY,machinery,0,0,3,28 July 2022,0e6c74517c2e495c
G-2106-23G Adani Port (FTA24020103) PLA.docx,,SURVEY,unknown,0,7,1,22 February 2024,1fa62d993807a8ba
G-1434-23B MV International (Vanway Ref No. VW16923-AY) HO PLA.docx,,SURVEY,grape,0,7,2,30 August 2023,e8565576b24e17f6
G-1485-23B MV International (Vanway Global) H.O PLA.docx,,SURVEY,grape,0,17,2,28 August 2023,40d3316204b69719
G-1663-23B R B Impex (Vanway - CPIC) H.O Final.docx,,SURVEY,grape,0,7,1,16 October 2023,ebb9d089370db5d9
G-1663-23B R B Impex (Vanway - CPIC) H.O PLA.docx,,SURVEY,grape,0,7,1,16 October 2023,33e1f6f4992344ff
G-1680-23B Unifresh Exim (Vanway-Ping An) H.O PLA.docx,,SURVEY,grape,0,8,2,22 October 2023,bbbbf9c69592c10b
G-1706-23B HGS International (Vanway - CPIC) H.O Final.docx,,SURVEY,grape,0,7,2,1 November 2023,ff8a8ea37f9ce455
Grapes Spot Survey Report - Unifresh Exim.docx,,SURVEY,grape,0,0,1,25 October 2023,d1072d9f4161ac3d
G-1666-23BW - Time Sheet.docx,,SURVEY,unknown,0,0,1,,b3a3366b1c1963e1
G-1666-23BW R Fresh Import {WKW Ref. No. 554-23-35161-C} H.O.docx,,SURVEY,unknown,0,0,3,21 December 2023,ca87b604e8e84bfe
G-1666-23BW R Fresh Import {Your Ref WKW Ref 554-23-35161-C}.docx,,SURVEY,unknown,0,0,3,15 December 2023,543793367563688d
G-1664-23BW - Time Sheet - H.O Corrected.docx,,SURVEY,unknown,0,0,1,,da5fd1e5dd39c0b5
G-1664-23BW Aeden Fruit (WKW Ref. No. 554-23-35043-C) H.O Corrected.docx,,SURVEY,unknown,1,0,4,20 November 2023,5d039e666a8ecf2d
G-1749-23B R Fresh Imports (Chubb - Italy) H.O PLA.docx,,SURVEY,unknown,0,11,2,20 November 2023,23ad37edf4af0124
LOP to ONE Line.docx,,SURVEY,unknown,0,0,1,21/11/2023,13b94f50ddb7b8c9
Parivid Impex (Independent Survey)  CHERRY FRUIT.docx,,SURVEY,unknown,0,0,1,11 February 2022,1173ec6ddfcadd4a
G-2151-21B Parivid Impex (DPS Ref.IND-02022-LS) PLA.docx,,SURVEY,unknown,0,0,1,24 January 2022,fd29c6229a71f90c
Dev Bhumi.docx,,SURVEY,unknown,0,8,2,27 July 2021,c833b45e5fa156c5
G-1022-24B Aayush Impex (DPS Ref.IND-04324-MK) PLA.docx,,SURVEY,unknown,0,16,3,10 April 2024,10d85e48a040e8d9
G-1057-24B Kashmir Fruit Bazar (DPS Ref. IND-05324-MK.) PLA.docx,,SURVEY,unknown,0,9,1,22 April 2024,73190b03f610583d
G-1335-23B Reliance Retail (DPS Ref No  IND-09123-NA PLA (Apple fruit).docx,,SURVEY,unknown,0,14,2,17 July 2023,b8ab71c57b2dc926
G-1373-23 G. T. Fruitech (Vanway - Ping An) PLA Grapes.docx,,SURVEY,grape,0,8,1,29 July 2023,47bbbeaec6671cac
G-1413-23B Aayush Impex {DPS REF No. IND-10923-EY} H.O APPLE.docx,,SURVEY,unknown,0,7,2,11 August 2023,70d0bbe4b319b366
G-1601-23B HGS International (DPS Ref.No. IND-13123-NA) PLA.docx,,SURVEY,mandarin,0,0,1,,c791293c04b14dee
G-1624-23B Scion Agricos (DPS Ref.No. IND-13523-EY) H.O PLA ORANGES.docx,,QC,orange,0,0,1,1/10/2023,565aa491a90751d5
G-2165-23B Reliance Retail (DPS Ref No  IND-03324-MK PLA (Apple fruit).docx,,SURVEY,unknown,0,11,1,7 March 2024,3eebb831fbdc58fc
G-2178-21B NKA Fruits {DPS Ref.No. IND-02322-LVDM} PLA APPLE.docx,,SURVEY,unknown,0,9,1,3 February 2022,68cb8f8b995c2e09
G-2212-21B Nexgen Krishak {DPS Ref.No. IND-02822-MDE) H.O PLA.docx,,SURVEY,unknown,0,5,1,15 February 2022,f62e8642a6a8d9fc
G-2213-21B Reliance Retail {DPS Ref.No. IND-02722-LS) H.O PLA APPLE.docx,,SURVEY,unknown,0,8,2,11 February 2022,24cec88a540bf604
Survey Report Template v4.docx,,QC,unknown,0,0,1,,d577cac8e8d02aa5
G-1476-23G (FTA Ref No. FTA23080550) PLA.docx,,SURVEY,unknown,8,9,5,21 August 2023,5b6012755467d641
G-1476-23G Adani Port (FTA Ref No. FTA23080550) PLA.docx,,SURVEY,unknown,1,9,4,21 August 2023,91fc419ebc00a201
G-1180-23B  CS FAITH - Hose Test Survey.docx,,SURVEY,steel,0,0,2,9 June 2023,737c1f6537c744ba
G-1717-22B UPL (Sompo Singapore) PLA.docx,,SURVEY,unknown,0,2,2,28 October 2022,181e6e9b18ea4ffe
G-1513-23G Sarla Performance Fibers (PICC) PLA.docx,,SURVEY,unknown,0,1,1,4 September 2023,cf1e15d0a0365561
G-1138-24G Ratnamani Metals & Tubes (Lead Marine) Prelim Report.docx,,SURVEY,unknown,0,1,1,2 May 2024,07814a85090050d3
"Lead Marine (sample cargo damage , investigation report).docx",,SURVEY,unknown,0,22,3,5 March 2024,c8393df0a2875616
G-1272-23B LG Electronics {WEC Ref. 2023-07-100315-HC} PLA Consolidated H.O.docx,,SURVEY,unknown,0,11,2,3 July 2023,3fff96d1bc1552a1
G-1607-22B Grasim Industries (TKY Thailand) Desktop Review Report.docx,,SURVEY,unknown,0,0,1,6 September 2022,063ef2fc2b7fa7ad
DRAFT FINDINGS - Hettich Indore Survey date 24th May 2023.docx,,SURVEY,unknown,0,63,3,,3ae09f59c0210936
FOR REF.docx,,SURVEY,unknown,1,12,3,4 September 2023,1c068270bb0bbaa8
G-1381-23B Mahalaxmi Fab Tec (PICC) PLA H.O.docx,,SURVEY,machinery,0,6,1,2 August 2023,367fd504f121e662
G-1516-23B GFCL EV Products {Victor Marine - Ping An} PLA.docx,,SURVEY,unknown,0,1,1,30 August 2023,b60203e74ad45342
G-1516-23B GFCL EV Products {Victor Marine - Ping An} Vanvey 2nd PLA.docx,,SURVEY,unknown,0,0,1,5 September 2023,ffa2de4fe88af0e2
G-1559-23B EVA Texo Fab (CPIC) H.O PLA.docx,,SURVEY,machinery,0,2,1,12 September 2023,ff6b03e3e079e05c
G-1640-23G Additional List (revised list).docx,,SURVEY,unknown,0,9,1,,771f7cd4336c04e2
G-1676-22B Hyundai Constructions {Korhi} NJ'S Corrected PLA.docx,,SURVEY,unknown,0,1,1,12 October 2022,af1558139de4c156
G-1932-22B India Kawasaki Motors (Tky Japan) destop review report.docx,,SURVEY,unknown,0,0,1,25 August 2022,ac5b9d99393f041e
G-1958-22B Bridgestone India (Mitsui Japan) PLA.docx,,SURVEY,unknown,0,1,1,11 January 2023,de695ac04f2a3845
G-2107-22B Bliss GVS (DPS ref. IND-02723-IC) H.O PLA.docx,,SURVEY,machinery,0,2,3,29/12/2022,3a902e6a7e139f4d
G-2144-23B Silver Fish Steriliser (CPIC) PLA.docx,,SURVEY,unknown,0,16,3,1 March 2024,52e8bb6c0d3706db
G-1280-23G Sappi - TSL ROSEMARY (DPS REF. IND-07523-HVT).docx,,SURVEY,steel,0,0,4,08 July 2023,4e82654a8aee0e64
G-1280A-23G Sappi - TSL ROSEMARY (DPS REF. IND-07623-HVT).docx,,SURVEY,steel,0,0,3,08 July 2023,cbcb284ecdc08638
G-1198-23B SMI Coated Products {Fradjusting-CPIC} H.O PLA.docx,,SURVEY,unknown,2,29,2,2 June 2023,a1e49278fa501f08
G-1467-23B Ceat Limited (Ping An - Vanway) PLA.docx,,SURVEY,unknown,0,1,1,19 August 2023,c1778a85a8b2b83d
G-1770-22B Steinweg-Sharaf {RSA ME) PLA - Pipe bdl onboard damaged.docx,,SURVEY,steel,0,1,1,10 November 2022,468a20614df3e6a8
G-1004-23B LLC Eurochem (Vessel Sapodilla) H.O Corrected.docx,,SURVEY,unknown,0,0,3,31 March 2023,e7809d7e6cbb68c5
G-1004-23B Sapodilla PLA.docx,,SURVEY,unknown,0,0,1,31 March 2023,3143da4eece1cf37
G-2024-23B M.V. LU YANG SHUN - Photos.docx,,SURVEY,unknown,0,0,1,,93389daf963153d4
G-2024-23B Pre-Loading Report- LU YANG SHUN at Hazira.docx,,SURVEY,steel,0,0,2,,c556fb4d08be6b08
G-2024-23B M.V. LU YANG SHUN - Photos Report (H.O Corrected).docx,,SURVEY,unknown,0,0,1,,9ea1259d328c52d3
PMS24024 Cargo Condition Report-MV LU YANG SHUN (Final Version) H.O Corrected.docx,,SURVEY,steel,0,0,2,,e42fddd805da48d8
G-2054-22B Liberty Harvest H.O PLA.docx,,SURVEY,steel,0,0,2,2 March 2023,5ba06b992a1805ac
Gladstone SR No. G-2092-23G {BT Ref No. GM-IM-236990-24-JGI - M.V. REGINE Timesheet.docx,,SURVEY,unknown,0,0,1,,210d8efea160d059
G-1235-23B Labb LLB (Vessel ELARA) Survey Report - NJ's Corrected.docx,,SURVEY,steel,0,0,15,7 June 2023,38f53f078a60a702
G-1235-23B Labb LLB (Vessel ELARA).docx,,SURVEY,steel,0,0,16,7 June 2023,1de7f9e251d53d82
Vessel ELara - Damage Report.docx,,SURVEY,unknown,0,0,1,18 July 2023,e03a05aa5bfed771
G-1073-24B - MV AGIOS PORFYRIOS (DPS Ref. IND-03624-HVT).docx,,SURVEY,unknown,0,0,2,17 April 2024,270d90a6c0a6638d
G-1234-23B Viterra India (Hamer Van).docx,,SURVEY,unknown,0,7,4,22 June 2023,5533da4bea70a9a7
CPIC G-1346-23 PLA.docx,,SURVEY,unknown,0,0,1,21 July 2023,7641078a83b99f12
G-1941-22B Balkrishna Industries {DPS Ref No. IND-00223-HVT} PLA.docx,,SURVEY,machinery,0,2,2,06 October 2022,5173b46ed3a35a0d
G-1472-23B Sany Heavy Industry {DPS Ref No. IND-11623-JS} PLA.docx,,SURVEY,unknown,0,0,1,25 July 2023,d092d2315fa89da8
G-1044-23B Sappi - FEDERAL BALTIC (DPS Ref No. IND-04323-HVT) H.O PLA.docx,,SURVEY,steel,0,0,3,22 April 2023,11cb334d45312bab
G-1044-23B Sappi - FEDERAL BALTIC (DPS).docx,,SURVEY,steel,0,0,3,22 April 2023,a72ab72526139721
G-1091-23B Sappi - TSL ROSEMARY (DPS REF. IND-04823-HVT) H.O.docx,,SURVEY,steel,0,0,3,10 May 2023,f8b4b221955dbfc8
G-2082-22B Sappi - TSL ROSEMARY (DPS) Checked by NJ.docx,,SURVEY,steel,0,0,4,19 March 2023,b7edb75f64fc26ad
G-1027-23B MRK Foods (Tky-Malaysia) H.O PLA.docx,,SURVEY,unknown,0,7,2,10 April 2023,da7ed3ae1e8ba0ce
G-1555-23G Prashant Industrial Components (PICC) PLA.docx,,SURVEY,steel,0,1,1,11 September 2023,e7547e28c7c769ef
G-1873-22B Fujifilm India (Tky Japan) PLA.docx,,SURVEY,unknown,0,1,2,15 December 2022,5c99ac4ce2631387
G-1875-22B Fujifilm India (Tky Japan) PLA.docx,,SURVEY,unknown,0,1,1,15 December 2022,206654a449a4fd4e
G-1697-22B S. M. Auto Engineering (TMS-111-0822-133) PLA.docx,,SURVEY,unknown,0,0,1,22 August 2022,6c99631064202f11
G-2129-23B LG Electronics {Hanil Surveyors} NJ's PLA.docx,,SURVEY,unknown,0,1,1,21 February 2024,356ede3b5ef6b1bb
G-1713-22B AST (DPS Ref No. IND-15722-RVH) Warehuse Inspection Report.docx,,SURVEY,unknown,0,0,1,,8bc267ef42bdf0e7
spot survey findings.docx,,SURVEY,orange,0,0,1,11 March 2024,9b97f6d09ba42485
G-1713-22B AST (DPS Ref No. IND-15722-RVH) Warehuse Inspection Report.docx,,SURVEY,unknown,0,0,1,,f0f04b66690e5b7b
G-1275-23BW Photos.docx,,SURVEY,unknown,0,0,1,,8693b89f2f9d18e4
N-116-23W Pashupati Polypropylene (WK Webster ISA-Sing - Hanwha).docx,,SURVEY,vehicles,1,0,2,12 July 2023,02c136dbf3589c4e
N-125-23W - Time Sheet.docx,,SURVEY,unknown,0,0,1,,37162d3478be694d
G-1617-23G Reaghan Fashions (PICC) H.O PLA.docx,,SURVEY,unknown,0,9,2,2 October 2023,9371ac2ec405d43c
FRADJUSTING - Blank Joint Survey Form.docx,,SURVEY,unknown,0,0,1,,bc250de0e5416574
Spot Report - 17-12-2022 (Revised).docx,,SURVEY,unknown,0,0,1,17 December 2022,0fb4400ddb8fc389
Spot Report - 19-12-2022 (Revised).docx,,SURVEY,unknown,0,0,1,19 December 2022,311ec9969e5d0eaa
G-1064-21B Dev Bhumi (DPS Ref. No.IND-05021-FDR) PLA.docx,,SURVEY,unknown,0,11,1,17 April 2021,95d8daaf7736496a
G-1065-21B Dev Bhumi (DPS Ref. No. IND-05021-FDR) H.O PLA.docx,,SURVEY,unknown,0,9,1,17 April 2021,b86622b311aee112
G-1109-21B Dev Bhumi (DPS Ref. No. IND-05221-MDE) Container No. SEGU9207791 H.O PLA.docx,,SURVEY,unknown,0,12,1,28 April 2021,85bc74e0a3b80a2c
G-1257 -21B Dev Bhumi (DPS Ref. No. IND-07521-LS) Container No. IKSU2521690.docx,,SURVEY,unknown,0,14,2,13 June 2021,0b7bca581f669096
G-1424-21B Dev Bhumi (DPS Ref No. IND-15321-KDW) PLA  (7 Containers).docx,,SURVEY,kiwi,0,52,5,03 August 2021,68be367b909048ef
G-1629-21B Dev Bhumi {DPS Ref. No. IND-16521-MDE) H.O PLA 8 Containers.docx,,SURVEY,kiwi,0,64,5,17 August 2021,b45a56b4d7535dea
HGS International - (Grapes).docx,,SURVEY,grape,0,0,1,6 September 2024,8c1e49b9f93e7f98
G-1525-20B ORANGE - WITHOUT PREJUDICE JOINT SUREVY REPORT(DEV BHUMI).docx,,SURVEY,orange,0,0,1,15 September 2020,92bf2e81821f6c58
JOINT SUREVY REPORT - Orange.docx,,SURVEY,orange,0,0,1,27 July 2021,02f6413002795969
Orange Spot Survey Report - IG International.docx,,SURVEY,orange,0,0,1,23 July 2021,870797f72e192b4e
Orange Spot Survey Report - HGS International.docx,,SURVEY,orange,0,0,1,23 July 2021,33a480acd76416ef
Spot Report For Container No. CXRU1608109 - 21 July 2022.docx,,SURVEY,unknown,0,0,1,21 July 2022,8bcdc17f5b49e90a
23-08-2018= 2 containers.docx,,SURVEY,unknown,0,0,1,23 August 2018,8fbb5f09ac202872
8-8-2018 1st visit 3 containers Draft.docx,,SURVEY,steel,0,0,11,8 August 2018,3e9c5945c2d53926
16 January 2023 - Machinery.docx,,SURVEY,unknown,0,0,1,16 January 2023,68ff715f1f6fc23d
Orange Spot Survey Report - HGS (Checked by NJ Sir).docx,,SURVEY,orange,0,0,1,6 October 2023,f5ef26a5aefa8553
G-1632-23B Atif Fresh Fruits (CPIC) PLA - Mandarin.docx,,SURVEY,mandarin,0,5,1,6 October 2023,f8e8230fcf68b386
Enclosure II - Preliminary Report.docx,,SURVEY,unknown,0,0,1,,8ce6ec634995ee13
Enclosure III - Final Report.docx,,SURVEY,unknown,0,0,1,,dd1857943817aade
G-1347-22B Mahira International (Barbuss Global) Prelim - Apple.docx,,SURVEY,unknown,0,8,1,22 July 2022,66e36254d3ea9cda
G-1421-21B Sana Farm International (Barbuss Global) Final Report - Apple.docx,,SURVEY,unknown,0,4,1,11 October 2021,8254964ec665022f
G-1421-21B Sana Farm International (Barbuss Global) Prelim.docx,,SURVEY,unknown,0,5,1,11 October 2021,e00f1c8ccce4d47e
LOP - Cosco Shipping Lines (India) Pvt. Ltd.docx,,SURVEY,unknown,0,0,1,30 September 2021,61674128f4f066db
APPLE FRUIT LABELS.docx,,SURVEY,unknown,0,0,1,,9218d676439185ee
"G-1386 -21B Dev Bhumi (DPS Ref. No. IND09721EY) Container No. FSCU5688657, MORU-0613870, TGHU9905548, TTNU8478057 & K.docx",,SURVEY,unknown,0,35,4,29 June 2021,8e76cc719b9c6168
G-1398-21B Shree Laxman {DPS Ref.No. IND-14821-LS} PLA.docx,,SURVEY,unknown,0,4,1,28 July 2021,88637a6ae34704fa
G-1514-21B Sarla Chem India {DPS REF. No. IND-11821-LS}.docx,,SURVEY,unknown,0,7,1,15 July 2021,8e1d4c75beee032c
G-1903-23B Aayush Impex (Vanway - PING AN) H.O PLA.docx,,SURVEY,grape,0,9,2,26 December 2023,5c4ae22ccf8e67b6
1.) G-1517-20B G.T.Fruitech {DPS Ref.No. IND-13520-FDR) HO PLA - kiwi Container.docx,,SURVEY,kiwi,0,0,2,29 August 2020,8380fea37fd222f6
CITRUS (PART 1-General Requirements) 2014.docx,,SURVEY,grape,0,0,14,,a23f177c3e93ec3d
G-1588-22B NGK Trading Co. {DPS Ref No.  IND-14722-CV  } PLA Blueberry.docx,,SURVEY,unknown,0,3,1,23 September 2022,32e12c340df5dea0
G-1861-20B D. Manivannan & Co. {DPS Ref No. IND-20020-MDE} PLA (Dragon).docx,,SURVEY,unknown,0,0,1,18 December 2020,dc5081bd1f5a9298
G-2097-20B Suri Agro {DPS Ref No. IND-02721-EY} Plums PLA.docx,,SURVEY,unknown,0,7,1,3 March 2021,70e16537c171cf76
"Country wise import details in Mumbai, India.docx",,SURVEY,kiwi,0,0,1,,67d727534510cd06
1.) G-1517-20B G.T.Fruitech {DPS Ref.No. IND-13520-FDR) HO PLA - kiwi Container.docx,,SURVEY,kiwi,0,0,2,29 August 2020,cb3b3a912415a4e3
G-1738-19B IG International - Preliminary Report-1.docx,,SURVEY,unknown,0,0,1,17 October 2019,09a2cdb4a8f56340
G-1208-22B Dev Bhumi (DPS Ref No  IND-07122-FDR )  7 Containers  PLA (Apple) .docx,,SURVEY,unknown,0,51,5,19 May 2022,2862be7aec7d04d5
G-1407-21B Dev Bhumi (DPS Ref No IND-09521-EY) Multiple shipments one PLA.docx,,SURVEY,unknown,0,20,4,23 June 2021,414991c40c4a8f2d
G-1409-21B Dev Bhumi (DPS Ref No. IND-10021-MDE)  Multiple Apple shipments PLA.docx,,SURVEY,unknown,0,42,5,1 July 2021,8d44f107322f4ba9
G-1449-21B  Dev Bhumi (DPS Ref No  IND-10321-MDE)  5 apple containers PLA.docx,,SURVEY,unknown,0,17,4,2 July 2021,502a0a7c395cedf0
G-1452-21B Dev Bhumi (DPS Ref No IND-15121-EY) Pear kiwi & Apple multiple shipments PLA.docx,,SURVEY,kiwi,0,34,6,17 July 2021,4528d471d623d854
G-1961-19B Parivid Impex (DPS Ref. IND-15019-KDW) Cherry Fruit PLA.docx,,SURVEY,unknown,0,2,1,13 December 2019,b40c32bbe294cad8
G-2067-17B (Your Ref. No. IND-00418-KM) Quality Inspection Report - Plums HO Corrected .docx,,SURVEY,unknown,0,0,1,6 February 2018,ebe1c92e1ae7f5e7
Quality Inspection report nectarines.docx,,SURVEY,unknown,0,0,1,,52f91e9f1ae01a24
Quality Inspection report plums.docx,,SURVEY,unknown,0,0,1,,09ad8530eec47de9
G-1162-18B Agro Worl (DPS Ref. No. IND-02918-EY) Quality Inspection Report - Grapes H.O Corrected.docx,,SURVEY,grape,0,4,1,18 May 2018,a45746c6ed65b63e
G-1246-18B Defects to be measured grapes {DPS Ref No. IND-     -KM}.docx,,SURVEY,grape,0,0,1,,67b902bef385df7b
G-1405-21B I G International (DPS Ref  No. IND-11221-FDR) PLA.docx,,SURVEY,grape,0,3,1,9 July 2021,1c749fbcb41769ed
G-1706-23B HGS International (Vanway - CPIC) PLA - Grapes in cold storage.docx,,SURVEY,grape,0,7,2,1 November 2023,bcaf9f1169c88706
Survey Report - Parivid Impex.docx,,SURVEY,unknown,0,0,1,11 February 2022,3be7e51f373f838a
G-1512-21B NGK Trading Co {DPS REF. No. IND-12121-FDR} HO PLA.docx,,SURVEY,kiwi,0,7,1,16 July 2021,f99b3c1a7767b13f
G-1514-21B Sarla Chem India {DPS REF. No. IND-11821-LS} Apple Cont Unloading - Naik.docx,,SURVEY,unknown,0,7,1,15 July 2021,6d4c2c35075bb5a2
G-1397-21B Kamg Kisaan {DPS Ref.No. IND-13721-EY) PLA.docx,,SURVEY,orange,0,4,1,26 July 2021,716342e7417467b3
G-1507-21B DB International (DPS Ref No. IND-11421-MDE) PLA Orange - Naik.docx,,SURVEY,orange,0,5,1,12 July 2021,cffa1ea17c733488
G-1408 -21B Dev Bhumi (DPS Ref. No IND-09821-MDE) Container No. TRIU8148996.docx,,SURVEY,unknown,0,8,1,30 June 2021,6d05b893d4336397
G-1656-23B HGS International (Vanway - CPIC Ref No. VW27223-AY) PLA (Grapes).docx,,SURVEY,grape,0,8,2,11 October 2023,95fdbf3d156463e4
G-1421-21B Sana Farm International  (Barbuss Global) Final Report - OLD Format.docx,,SURVEY,unknown,0,4,1,3 December 2021,1a32e2270b88b7ea
G-2237-21B AGT Foods (Barbuss Global) Preliminary Report.docx,,SURVEY,unknown,0,2,2,,52a529870e45338b
5) Letter to Agent.docx,,SURVEY,steel,0,0,1,,e3f285626ef9725f
Summarized for Remark.docx,,SURVEY,steel,0,0,1,,51dca0663401f0f1
grapes container destuffing.docx,,SURVEY,grape,0,0,1,,86d2c279036a549d
G-1941-22B Balkrishna Industries {DPS Ref No. IND-00223-HVT} PLA.docx,,SURVEY,machinery,0,2,2,06 October 2022,aedf158bad38c252
G-1466A-22B Sany Heavy Industry {DPS Ref No. IND-13422-JS} Final Survey Report.docx,,SURVEY,unknown,0,0,1,26 July 2022,437ea51518f55b5a
DPS REPORT FORMAT查勘报告(简易版).docx,,SURVEY,unknown,0,0,1,,1e1beda6ff55316f
G-1460-22B Sany Heavy Industry {DPS Ref No. IND-13422-JS} PLA - 12 Policies Combined Reports.docx,,SURVEY,unknown,0,0,1,26 July 2022,62f16fd51fceba12
G-1526-21B Ratnamani Metals & Tubes {DPS Ref No. IND-13621-IC} PLA.docx,,SURVEY,unknown,0,0,1,25/06/2021,8bbe55578a9f8d7d
G-1982-21B Shomi Libatt (DPS Ref No. IND-23721-JS).docx,,SURVEY,unknown,0,2,1,30 November 2021,e5dc7253bab85bde
G-2235-21B Sany Heavy Industry (DPS Ref No. IND-02922-JS).docx,,SURVEY,unknown,0,2,1,17 February 2022,6211b34a64999fc8
G-1549-21B Sonkamal Enterprises (Desktop Report).docx,,SURVEY,unknown,0,0,1,6 April 2021,07b2ee0b63f69f3d
Order_NAIK_038.docx,,SURVEY,unknown,0,0,1,,c9045b8ade13f04f
Order_NAIK_039.docx,,SURVEY,unknown,0,0,1,,17052807617a026c
G-1225-23B Syova Seeds (U) Limited {FormTeam} PLA.docx,,SURVEY,unknown,0,11,1,16 June 2023,820f029e75710b12
Annexure A G-1876-18B.docx,,SURVEY,unknown,0,0,1,02 January 2019,23f3445c1babfbda
CRC REMARKS.docx,,SURVEY,unknown,0,0,1,,29c34b765976f26b
Claim Bill letter.docx,,SURVEY,unknown,0,0,1,,3f5473ce6eed56e7
Common remarks for CR Coils.docx,,SURVEY,unknown,0,0,1,,8964ffb29d77b274
HOUSEHOLD SURVEY AT RESIDENCE.docx,,SURVEY,unknown,0,0,1,,d1b15656966e252a
Mumbai Poprt passes for 7 Days Pass Format.docx,,SURVEY,unknown,0,0,2,19 December 1977,f3b215872446ca5a
Survey Handbooks links.docx,,SURVEY,unknown,0,0,1,,ecd92fc7ebba1dcf
Without Prejudice.docx,,SURVEY,unknown,0,0,1,31 January 2019,9004fc4aa70056c3
wooden logs cause of damage.docx,,SURVEY,unknown,0,0,1,,b65b263bcde0318e
5 DOCUMENTS LIST TO MASTER.docx,,SURVEY,unknown,0,0,1,,571aedee38253429
MR - CRC.docx,,SURVEY,steel,0,0,1,,6a85565d5bbd8e06
REPORT.docx,,SURVEY,steel,0,0,5,,a8b576661b102030
G-1846-20BS Suzuki Motor Gujarat (Mitsui-Japan) H.O PLA.docx,,SURVEY,steel,0,89,4,9 December 2020,54ecd16ca70d4abb
G-1335-22B Aquatic Remedies {TMS} TMS Check List.docx,,SURVEY,unknown,0,0,1,,377bbeff69758998
